date,account_id,customer_id,opening_balance_inr,total_credits_inr,total_debits_inr,closing_balance_inr,min_balance_inr,max_balance_inr,cash_credit_count,cheque_return_count,overdrawn_flag,month_end_flag
2025-04-01,ACC-CTB-002-SB1,CTB-RTL-002,38000.0,101430.0,3917.02,135512.98,36480.0,140933.5,0,0,N,N
2025-04-02,ACC-CTB-002-SB1,CTB-RTL-002,135512.98,0,0,135512.98,130092.46,140933.5,0,0,N,N
2025-04-03,ACC-CTB-002-SB1,CTB-RTL-002,135512.98,0,1834.38,133678.6,128331.46,140933.5,0,0,N,N
2025-04-04,ACC-CTB-002-SB1,CTB-RTL-002,133678.6,0,2662.0,131016.6,125775.94,139025.74,0,0,N,N
2025-04-05,ACC-CTB-002-SB1,CTB-RTL-002,131016.6,0,4323.74,126692.86,121625.15,136257.26,0,0,N,N
2025-04-06,ACC-CTB-002-SB1,CTB-RTL-002,126692.86,0,0,126692.86,121625.15,131760.57,0,0,N,N
2025-04-07,ACC-CTB-002-SB1,CTB-RTL-002,126692.86,0,18900.0,107792.86,103481.15,131760.57,0,0,N,N
2025-04-08,ACC-CTB-002-SB1,CTB-RTL-002,107792.86,0,5540.04,102252.82,98162.71,112104.57,0,0,N,N
2025-04-09,ACC-CTB-002-SB1,CTB-RTL-002,102252.82,0,13824.91,88427.91,84890.79,106342.93,0,0,N,N
2025-04-10,ACC-CTB-002-SB1,CTB-RTL-002,88427.91,0,1746.51,86681.4,83214.14,91965.03,0,0,N,N
2025-04-11,ACC-CTB-002-SB1,CTB-RTL-002,86681.4,0,10145.2,76536.2,73474.75,90148.66,0,0,N,N
2025-04-12,ACC-CTB-002-SB1,CTB-RTL-002,76536.2,0,13769.13,62767.07,60256.39,79597.65,0,0,N,N
2025-04-13,ACC-CTB-002-SB1,CTB-RTL-002,62767.07,0,0,62767.07,60256.39,65277.75,0,0,N,N
2025-04-14,ACC-CTB-002-SB1,CTB-RTL-002,62767.07,0,1438.58,61328.49,58875.35,65277.75,0,0,N,N
2025-04-15,ACC-CTB-002-SB1,CTB-RTL-002,61328.49,0,2255.07,59073.42,56710.48,63781.63,0,0,N,N
2025-04-16,ACC-CTB-002-SB1,CTB-RTL-002,59073.42,0,2208.03,56865.39,54590.77,61436.36,0,0,N,N
2025-04-17,ACC-CTB-002-SB1,CTB-RTL-002,56865.39,0,3293.02,53572.37,51429.48,59140.01,0,0,N,N
2025-04-18,ACC-CTB-002-SB1,CTB-RTL-002,53572.37,0,0,53572.37,51429.48,55715.26,0,0,N,N
2025-04-19,ACC-CTB-002-SB1,CTB-RTL-002,53572.37,0,0,53572.37,51429.48,55715.26,0,0,N,N
2025-04-20,ACC-CTB-002-SB1,CTB-RTL-002,53572.37,0,0,53572.37,51429.48,55715.26,0,0,N,N
2025-04-21,ACC-CTB-002-SB1,CTB-RTL-002,53572.37,0,1228.38,52343.99,50250.23,55715.26,0,0,N,N
2025-04-22,ACC-CTB-002-SB1,CTB-RTL-002,52343.99,0,0,52343.99,50250.23,54437.75,0,0,N,N
2025-04-23,ACC-CTB-002-SB1,CTB-RTL-002,52343.99,0,0,52343.99,50250.23,54437.75,0,0,N,N
2025-04-24,ACC-CTB-002-SB1,CTB-RTL-002,52343.99,0,1594.15,50749.84,48719.85,54437.75,0,0,N,N
2025-04-25,ACC-CTB-002-SB1,CTB-RTL-002,50749.84,0,1729.22,49020.62,47059.8,52779.83,0,0,N,N
2025-04-26,ACC-CTB-002-SB1,CTB-RTL-002,49020.62,0,1618.2,47402.42,45506.32,50981.44,0,0,N,N
2025-04-27,ACC-CTB-002-SB1,CTB-RTL-002,47402.42,0,0,47402.42,45506.32,49298.52,0,0,N,N
2025-04-28,ACC-CTB-002-SB1,CTB-RTL-002,47402.42,0,15435.0,31967.42,30688.72,49298.52,0,0,N,N
2025-04-29,ACC-CTB-002-SB1,CTB-RTL-002,31967.42,0,1261.48,30705.94,29477.7,33246.12,0,0,N,N
2025-04-30,ACC-CTB-002-SB1,CTB-RTL-002,30705.94,0,1917.0,28788.94,27637.38,31934.18,0,0,N,Y
2025-05-01,ACC-CTB-002-SB1,CTB-RTL-002,28788.94,96600.0,1149.09,124239.85,27637.38,129209.44,0,0,N,N
2025-05-02,ACC-CTB-002-SB1,CTB-RTL-002,124239.85,0,1406.64,122833.21,117919.88,129209.44,0,0,N,N
2025-05-03,ACC-CTB-002-SB1,CTB-RTL-002,122833.21,0,693.81,122139.4,117253.82,127746.54,0,0,N,N
2025-05-04,ACC-CTB-002-SB1,CTB-RTL-002,122139.4,0,0,122139.4,117253.82,127024.98,0,0,N,N
2025-05-05,ACC-CTB-002-SB1,CTB-RTL-002,122139.4,0,11423.85,110715.55,106286.93,127024.98,0,0,N,N
2025-05-06,ACC-CTB-002-SB1,CTB-RTL-002,110715.55,0,1510.95,109204.6,104836.42,115144.17,0,0,N,N
2025-05-07,ACC-CTB-002-SB1,CTB-RTL-002,109204.6,0,19520.35,89684.25,86096.88,113572.78,0,0,N,N
2025-05-08,ACC-CTB-002-SB1,CTB-RTL-002,89684.25,0,2851.93,86832.32,83359.03,93271.62,0,0,N,N
2025-05-09,ACC-CTB-002-SB1,CTB-RTL-002,86832.32,0,1255.1,85577.22,82154.13,90305.61,0,0,N,N
2025-05-10,ACC-CTB-002-SB1,CTB-RTL-002,85577.22,0,1812.94,83764.28,80413.71,89000.31,0,0,N,N
2025-05-11,ACC-CTB-002-SB1,CTB-RTL-002,83764.28,0,0,83764.28,80413.71,87114.85,0,0,N,N
2025-05-12,ACC-CTB-002-SB1,CTB-RTL-002,83764.28,0,5600.0,78164.28,75037.71,87114.85,0,0,N,N
2025-05-13,ACC-CTB-002-SB1,CTB-RTL-002,78164.28,0,2896.67,75267.61,72256.91,81290.85,0,0,N,N
2025-05-14,ACC-CTB-002-SB1,CTB-RTL-002,75267.61,0,5998.39,69269.22,66498.45,78278.31,0,0,N,N
2025-05-15,ACC-CTB-002-SB1,CTB-RTL-002,69269.22,0,2379.68,66889.54,64213.96,72039.99,0,0,N,N
2025-05-16,ACC-CTB-002-SB1,CTB-RTL-002,66889.54,0,1427.85,65461.69,62843.22,69565.12,0,0,N,N
2025-05-17,ACC-CTB-002-SB1,CTB-RTL-002,65461.69,0,2267.04,63194.65,60666.86,68080.16,0,0,N,N
2025-05-18,ACC-CTB-002-SB1,CTB-RTL-002,63194.65,0,0,63194.65,60666.86,65722.44,0,0,N,N
2025-05-19,ACC-CTB-002-SB1,CTB-RTL-002,63194.65,0,1881.46,61313.19,58860.66,65722.44,0,0,N,N
2025-05-20,ACC-CTB-002-SB1,CTB-RTL-002,61313.19,0,3124.43,58188.76,55861.21,63765.72,0,0,N,N
2025-05-21,ACC-CTB-002-SB1,CTB-RTL-002,58188.76,0,1363.1,56825.66,54552.63,60516.31,0,0,N,N
2025-05-22,ACC-CTB-002-SB1,CTB-RTL-002,56825.66,0,1413.08,55412.58,53196.08,59098.69,0,0,N,N
2025-05-23,ACC-CTB-002-SB1,CTB-RTL-002,55412.58,0,713.96,54698.62,52510.68,57629.08,0,0,N,N
2025-05-24,ACC-CTB-002-SB1,CTB-RTL-002,54698.62,0,705.74,53992.88,51833.16,56886.56,0,0,N,N
2025-05-25,ACC-CTB-002-SB1,CTB-RTL-002,53992.88,0,0,53992.88,51833.16,56152.6,0,0,N,N
2025-05-26,ACC-CTB-002-SB1,CTB-RTL-002,53992.88,0,0,53992.88,51833.16,56152.6,0,0,N,N
2025-05-27,ACC-CTB-002-SB1,CTB-RTL-002,53992.88,0,3800.97,50191.91,48184.23,56152.6,0,0,N,N
2025-05-28,ACC-CTB-002-SB1,CTB-RTL-002,50191.91,0,0,50191.91,48184.23,52199.59,0,0,N,N
2025-05-29,ACC-CTB-002-SB1,CTB-RTL-002,50191.91,0,23224.69,26967.22,25888.53,52199.59,0,0,N,N
2025-05-30,ACC-CTB-002-SB1,CTB-RTL-002,26967.22,0,5600.0,21367.22,20512.53,28045.91,0,0,N,N
2025-05-31,ACC-CTB-002-SB1,CTB-RTL-002,21367.22,0,1235.08,20132.14,19326.85,22221.91,0,0,N,Y
2025-06-01,ACC-CTB-002-SB1,CTB-RTL-002,20132.14,91770.0,0,111902.14,19326.85,116378.23,0,0,N,N
2025-06-02,ACC-CTB-002-SB1,CTB-RTL-002,111902.14,0,2906.75,108995.39,104635.57,116378.23,0,0,N,N
2025-06-03,ACC-CTB-002-SB1,CTB-RTL-002,108995.39,0,1370.07,107625.32,103320.31,113355.21,0,0,N,N
2025-06-04,ACC-CTB-002-SB1,CTB-RTL-002,107625.32,0,0,107625.32,103320.31,111930.33,0,0,N,N
2025-06-05,ACC-CTB-002-SB1,CTB-RTL-002,107625.32,0,1055.49,106569.83,102307.04,111930.33,0,0,N,N
2025-06-06,ACC-CTB-002-SB1,CTB-RTL-002,106569.83,0,1115.75,105454.08,101235.92,110832.62,0,0,N,N
2025-06-07,ACC-CTB-002-SB1,CTB-RTL-002,105454.08,0,20795.78,84658.3,81271.97,109672.24,0,0,N,N
2025-06-08,ACC-CTB-002-SB1,CTB-RTL-002,84658.3,0,0,84658.3,81271.97,88044.63,0,0,N,N
2025-06-09,ACC-CTB-002-SB1,CTB-RTL-002,84658.3,0,0,84658.3,81271.97,88044.63,0,0,N,N
2025-06-10,ACC-CTB-002-SB1,CTB-RTL-002,84658.3,0,2174.83,82483.47,79184.13,88044.63,0,0,N,N
2025-06-11,ACC-CTB-002-SB1,CTB-RTL-002,82483.47,0,767.8,81715.67,78447.04,85782.81,0,0,N,N
2025-06-12,ACC-CTB-002-SB1,CTB-RTL-002,81715.67,0,3041.21,78674.46,75527.48,84984.3,0,0,N,N
2025-06-13,ACC-CTB-002-SB1,CTB-RTL-002,78674.46,0,2370.93,76303.53,73251.39,81821.44,0,0,N,N
2025-06-14,ACC-CTB-002-SB1,CTB-RTL-002,76303.53,0,11102.01,65201.52,62593.46,79355.67,0,0,N,N
2025-06-15,ACC-CTB-002-SB1,CTB-RTL-002,65201.52,0,0,65201.52,62593.46,67809.58,0,0,N,N
2025-06-16,ACC-CTB-002-SB1,CTB-RTL-002,65201.52,0,0,65201.52,62593.46,67809.58,0,0,N,N
2025-06-17,ACC-CTB-002-SB1,CTB-RTL-002,65201.52,0,0,65201.52,62593.46,67809.58,0,0,N,N
2025-06-18,ACC-CTB-002-SB1,CTB-RTL-002,65201.52,0,1330.29,63871.23,61316.38,67809.58,0,0,N,N
2025-06-19,ACC-CTB-002-SB1,CTB-RTL-002,63871.23,0,1924.93,61946.3,59468.45,66426.08,0,0,N,N
2025-06-20,ACC-CTB-002-SB1,CTB-RTL-002,61946.3,0,0,61946.3,59468.45,64424.15,0,0,N,N
2025-06-21,ACC-CTB-002-SB1,CTB-RTL-002,61946.3,0,2394.47,59551.83,57169.76,64424.15,0,0,N,N
2025-06-22,ACC-CTB-002-SB1,CTB-RTL-002,59551.83,0,0,59551.83,57169.76,61933.9,0,0,N,N
2025-06-23,ACC-CTB-002-SB1,CTB-RTL-002,59551.83,0,2697.32,56854.51,54580.33,61933.9,0,0,N,N
2025-06-24,ACC-CTB-002-SB1,CTB-RTL-002,56854.51,0,6360.2,50494.31,48474.54,59128.69,0,0,N,N
2025-06-25,ACC-CTB-002-SB1,CTB-RTL-002,50494.31,0,2434.99,48059.32,46136.95,52514.08,0,0,N,N
2025-06-26,ACC-CTB-002-SB1,CTB-RTL-002,48059.32,0,12718.37,35340.95,33927.31,49981.69,0,0,N,N
2025-06-27,ACC-CTB-002-SB1,CTB-RTL-002,35340.95,0,1560.35,33780.6,32429.38,36754.59,0,0,N,N
2025-06-28,ACC-CTB-002-SB1,CTB-RTL-002,33780.6,0,22880.08,10900.52,10464.5,35131.82,0,0,N,N
2025-06-29,ACC-CTB-002-SB1,CTB-RTL-002,10900.52,0,0,10900.52,10464.5,11336.54,0,0,N,N
2025-06-30,ACC-CTB-002-SB1,CTB-RTL-002,10900.52,959.8,9576.0,2284.32,2192.95,11336.54,0,0,N,Y
2025-07-01,ACC-CTB-002-SB1,CTB-RTL-002,2284.32,86940.0,0,89224.32,2192.95,92793.29,0,0,N,N
2025-07-02,ACC-CTB-002-SB1,CTB-RTL-002,89224.32,0,858.59,88365.73,84831.1,92793.29,0,0,N,N
2025-07-03,ACC-CTB-002-SB1,CTB-RTL-002,88365.73,0,2204.86,86160.87,82714.44,91900.36,0,0,N,N
2025-07-04,ACC-CTB-002-SB1,CTB-RTL-002,86160.87,0,2161.86,83999.01,80639.05,89607.3,0,0,N,N
2025-07-05,ACC-CTB-002-SB1,CTB-RTL-002,83999.01,0,2271.52,81727.49,78458.39,87358.97,0,0,N,N
2025-07-06,ACC-CTB-002-SB1,CTB-RTL-002,81727.49,0,0,81727.49,78458.39,84996.59,0,0,N,N
2025-07-07,ACC-CTB-002-SB1,CTB-RTL-002,81727.49,0,18900.0,81727.49,78458.39,84996.59,0,1,N,N
2025-07-08,ACC-CTB-002-SB1,CTB-RTL-002,81727.49,0,8158.62,73568.87,70626.12,84996.59,0,0,N,N
2025-07-09,ACC-CTB-002-SB1,CTB-RTL-002,73568.87,0,10025.59,63543.28,61001.55,76511.62,0,0,N,N
2025-07-10,ACC-CTB-002-SB1,CTB-RTL-002,63543.28,0,1222.71,62320.57,59827.75,66085.01,0,0,N,N
2025-07-11,ACC-CTB-002-SB1,CTB-RTL-002,62320.57,0,4061.06,58259.51,55929.13,64813.39,0,0,N,N
2025-07-12,ACC-CTB-002-SB1,CTB-RTL-002,58259.51,0,732.78,57526.73,55225.66,60589.89,0,0,N,N
2025-07-13,ACC-CTB-002-SB1,CTB-RTL-002,57526.73,0,0,57526.73,55225.66,59827.8,0,0,N,N
2025-07-14,ACC-CTB-002-SB1,CTB-RTL-002,57526.73,0,970.64,56556.09,54293.85,59827.8,0,0,N,N
2025-07-15,ACC-CTB-002-SB1,CTB-RTL-002,56556.09,0,561.61,55994.48,53754.7,58818.33,0,0,N,N
2025-07-16,ACC-CTB-002-SB1,CTB-RTL-002,55994.48,0,1202.05,54792.43,52600.73,58234.26,0,0,N,N
2025-07-17,ACC-CTB-002-SB1,CTB-RTL-002,54792.43,0,1120.24,53672.19,51525.3,56984.13,0,0,N,N
2025-07-18,ACC-CTB-002-SB1,CTB-RTL-002,53672.19,0,684.26,52987.93,50868.41,55819.08,0,0,N,N
2025-07-19,ACC-CTB-002-SB1,CTB-RTL-002,52987.93,0,9548.25,43439.68,41702.09,55107.45,0,0,N,N
2025-07-20,ACC-CTB-002-SB1,CTB-RTL-002,43439.68,0,0,43439.68,41702.09,45177.27,0,0,N,N
2025-07-21,ACC-CTB-002-SB1,CTB-RTL-002,43439.68,0,1734.09,41705.59,40037.37,45177.27,0,0,N,N
2025-07-22,ACC-CTB-002-SB1,CTB-RTL-002,41705.59,0,0,41705.59,40037.37,43373.81,0,0,N,N
2025-07-23,ACC-CTB-002-SB1,CTB-RTL-002,41705.59,0,3589.3,38116.29,36591.64,43373.81,0,0,N,N
2025-07-24,ACC-CTB-002-SB1,CTB-RTL-002,38116.29,0,3207.56,34908.73,33512.38,39640.94,0,0,N,N
2025-07-25,ACC-CTB-002-SB1,CTB-RTL-002,34908.73,0,850.88,34057.85,32695.54,36305.08,0,0,N,N
2025-07-26,ACC-CTB-002-SB1,CTB-RTL-002,34057.85,0,0,34057.85,32695.54,35420.16,0,0,N,N
2025-07-27,ACC-CTB-002-SB1,CTB-RTL-002,34057.85,0,0,34057.85,32695.54,35420.16,0,0,N,N
2025-07-28,ACC-CTB-002-SB1,CTB-RTL-002,34057.85,0,1782.08,32275.77,30984.74,35420.16,0,0,N,N
2025-07-29,ACC-CTB-002-SB1,CTB-RTL-002,32275.77,0,14954.91,17320.86,16628.03,33566.8,0,0,N,N
2025-07-30,ACC-CTB-002-SB1,CTB-RTL-002,17320.86,0,677.43,16643.43,15977.69,18013.69,0,0,N,N
2025-07-31,ACC-CTB-002-SB1,CTB-RTL-002,16643.43,0,1021.42,15622.01,14997.13,17309.17,0,0,N,Y
2025-08-01,ACC-CTB-002-SB1,CTB-RTL-002,15622.01,85008.0,865.07,99764.94,14997.13,103755.54,0,0,N,N
2025-08-02,ACC-CTB-002-SB1,CTB-RTL-002,99764.94,0,1114.23,98650.71,94704.68,103755.54,0,0,N,N
2025-08-03,ACC-CTB-002-SB1,CTB-RTL-002,98650.71,0,0,98650.71,94704.68,102596.74,0,0,N,N
2025-08-04,ACC-CTB-002-SB1,CTB-RTL-002,98650.71,0,1319.34,97331.37,93438.12,102596.74,0,0,N,N
2025-08-05,ACC-CTB-002-SB1,CTB-RTL-002,97331.37,0,0,97331.37,93438.12,101224.62,0,0,N,N
2025-08-06,ACC-CTB-002-SB1,CTB-RTL-002,97331.37,0,7248.93,90082.44,86479.14,101224.62,0,0,N,N
2025-08-07,ACC-CTB-002-SB1,CTB-RTL-002,90082.44,0,21004.41,69078.03,66314.91,93685.74,0,0,N,N
2025-08-08,ACC-CTB-002-SB1,CTB-RTL-002,69078.03,0,2498.33,66579.7,63916.51,71841.15,0,0,N,N
2025-08-09,ACC-CTB-002-SB1,CTB-RTL-002,66579.7,0,0,66579.7,63916.51,69242.89,0,0,N,N
2025-08-10,ACC-CTB-002-SB1,CTB-RTL-002,66579.7,0,0,66579.7,63916.51,69242.89,0,0,N,N
2025-08-11,ACC-CTB-002-SB1,CTB-RTL-002,66579.7,0,2263.46,64316.24,61743.59,69242.89,0,0,N,N
2025-08-12,ACC-CTB-002-SB1,CTB-RTL-002,64316.24,0,0,64316.24,61743.59,66888.89,0,0,N,N
2025-08-13,ACC-CTB-002-SB1,CTB-RTL-002,64316.24,0,0,64316.24,61743.59,66888.89,0,0,N,N
2025-08-14,ACC-CTB-002-SB1,CTB-RTL-002,64316.24,0,9939.03,54377.21,52202.12,66888.89,0,0,N,N
2025-08-15,ACC-CTB-002-SB1,CTB-RTL-002,54377.21,0,0,54377.21,52202.12,56552.3,0,0,N,N
2025-08-16,ACC-CTB-002-SB1,CTB-RTL-002,54377.21,0,9613.96,44763.25,42972.72,56552.3,0,0,N,N
2025-08-17,ACC-CTB-002-SB1,CTB-RTL-002,44763.25,0,0,44763.25,42972.72,46553.78,0,0,N,N
2025-08-18,ACC-CTB-002-SB1,CTB-RTL-002,44763.25,0,1264.01,43499.24,41759.27,46553.78,0,0,N,N
2025-08-19,ACC-CTB-002-SB1,CTB-RTL-002,43499.24,0,2374.28,41124.96,39479.96,45239.21,0,0,N,N
2025-08-20,ACC-CTB-002-SB1,CTB-RTL-002,41124.96,0,7392.0,33732.96,32383.64,42769.96,0,0,N,N
2025-08-21,ACC-CTB-002-SB1,CTB-RTL-002,33732.96,0,2140.91,31592.05,30328.37,35082.28,0,0,N,N
2025-08-22,ACC-CTB-002-SB1,CTB-RTL-002,31592.05,0,3055.39,28536.66,27395.19,32855.73,0,0,N,N
2025-08-23,ACC-CTB-002-SB1,CTB-RTL-002,28536.66,0,2286.33,26250.33,25200.32,29678.13,0,0,N,N
2025-08-24,ACC-CTB-002-SB1,CTB-RTL-002,26250.33,0,0,26250.33,25200.32,27300.34,0,0,N,N
2025-08-25,ACC-CTB-002-SB1,CTB-RTL-002,26250.33,0,2257.05,23993.28,23033.55,27300.34,0,0,N,N
2025-08-26,ACC-CTB-002-SB1,CTB-RTL-002,23993.28,0,8490.79,15502.49,14882.39,24953.01,0,0,N,N
2025-08-27,ACC-CTB-002-SB1,CTB-RTL-002,15502.49,0,2610.0,12892.49,12376.79,16122.59,0,0,N,N
2025-08-28,ACC-CTB-002-SB1,CTB-RTL-002,12892.49,0,963.71,11928.78,11451.63,13408.19,0,0,N,N
2025-08-29,ACC-CTB-002-SB1,CTB-RTL-002,11928.78,0,14036.35,-2107.57,-2023.27,12405.93,0,0,Y,N
2025-08-30,ACC-CTB-002-SB1,CTB-RTL-002,-2107.57,0,1100.86,-3208.43,-3080.09,-2191.87,0,0,Y,N
2025-08-31,ACC-CTB-002-SB1,CTB-RTL-002,-3208.43,0,0,-3208.43,-3080.09,-3336.77,0,0,Y,Y
2025-09-01,ACC-CTB-002-SB1,CTB-RTL-002,-3208.43,82110.0,0,78901.57,-3080.09,82057.63,0,0,N,N
2025-09-02,ACC-CTB-002-SB1,CTB-RTL-002,78901.57,0,590.68,78310.89,75178.45,82057.63,0,0,N,N
2025-09-03,ACC-CTB-002-SB1,CTB-RTL-002,78310.89,0,0,78310.89,75178.45,81443.33,0,0,N,N
2025-09-04,ACC-CTB-002-SB1,CTB-RTL-002,78310.89,0,3053.75,75257.14,72246.85,81443.33,0,0,N,N
2025-09-05,ACC-CTB-002-SB1,CTB-RTL-002,75257.14,0,1278.99,73978.15,71019.02,78267.43,0,0,N,N
2025-09-06,ACC-CTB-002-SB1,CTB-RTL-002,73978.15,0,708.86,73269.29,70338.52,76937.28,0,0,N,N
2025-09-07,ACC-CTB-002-SB1,CTB-RTL-002,73269.29,0,18900.0,54369.29,52194.52,76200.06,0,0,N,N
2025-09-08,ACC-CTB-002-SB1,CTB-RTL-002,54369.29,0,17140.12,37229.17,35740.0,56544.06,0,0,N,N
2025-09-09,ACC-CTB-002-SB1,CTB-RTL-002,37229.17,0,1886.94,35342.23,33928.54,38718.34,0,0,N,N
2025-09-10,ACC-CTB-002-SB1,CTB-RTL-002,35342.23,0,4467.65,30874.58,29639.6,36755.92,0,0,N,N
2025-09-11,ACC-CTB-002-SB1,CTB-RTL-002,30874.58,0,2728.26,28146.32,27020.47,32109.56,0,0,N,N
2025-09-12,ACC-CTB-002-SB1,CTB-RTL-002,28146.32,0,0,28146.32,27020.47,29272.17,0,0,N,N
2025-09-13,ACC-CTB-002-SB1,CTB-RTL-002,28146.32,2532.19,1703.21,28975.3,27020.47,30134.31,0,0,N,N
2025-09-14,ACC-CTB-002-SB1,CTB-RTL-002,28975.3,0,0,28975.3,27816.29,30134.31,0,0,N,N
2025-09-15,ACC-CTB-002-SB1,CTB-RTL-002,28975.3,0,0,28975.3,27816.29,30134.31,0,0,N,N
2025-09-16,ACC-CTB-002-SB1,CTB-RTL-002,28975.3,0,907.29,28068.01,26945.29,30134.31,0,0,N,N
2025-09-17,ACC-CTB-002-SB1,CTB-RTL-002,28068.01,0,3322.74,24745.27,23755.46,29190.73,0,0,N,N
2025-09-18,ACC-CTB-002-SB1,CTB-RTL-002,24745.27,0,2391.69,22353.58,21459.44,25735.08,0,0,N,N
2025-09-19,ACC-CTB-002-SB1,CTB-RTL-002,22353.58,0,5162.3,17191.28,16503.63,23247.72,0,0,N,N
2025-09-20,ACC-CTB-002-SB1,CTB-RTL-002,17191.28,0,4536.05,12655.23,12149.02,17878.93,0,0,N,N
2025-09-21,ACC-CTB-002-SB1,CTB-RTL-002,12655.23,0,0,12655.23,12149.02,13161.44,0,0,N,N
2025-09-22,ACC-CTB-002-SB1,CTB-RTL-002,12655.23,0,1541.65,11113.58,10669.04,13161.44,0,0,N,N
2025-09-23,ACC-CTB-002-SB1,CTB-RTL-002,11113.58,0,0,11113.58,10669.04,11558.12,0,0,N,N
2025-09-24,ACC-CTB-002-SB1,CTB-RTL-002,11113.58,0,9040.42,2073.16,1990.23,11558.12,0,0,N,N
2025-09-25,ACC-CTB-002-SB1,CTB-RTL-002,2073.16,0,4222.21,-2149.05,-2063.09,2156.09,0,0,Y,N
2025-09-26,ACC-CTB-002-SB1,CTB-RTL-002,-2149.05,0,2653.57,-4802.62,-4610.52,-2235.01,0,0,Y,N
2025-09-27,ACC-CTB-002-SB1,CTB-RTL-002,-4802.62,0,4013.62,-8816.24,-8463.59,-4994.72,0,0,Y,N
2025-09-28,ACC-CTB-002-SB1,CTB-RTL-002,-8816.24,0,12495.0,-21311.24,-20458.79,-9168.89,0,0,Y,N
2025-09-29,ACC-CTB-002-SB1,CTB-RTL-002,-21311.24,0,3188.92,-24500.16,-23520.15,-22163.69,0,0,Y,N
2025-09-30,ACC-CTB-002-SB1,CTB-RTL-002,-24500.16,1475.33,1465.83,-24490.66,-23520.15,-25470.29,0,0,Y,Y
2025-10-01,ACC-CTB-002-SB1,CTB-RTL-002,-24490.66,77280.0,761.94,52027.4,-23511.03,54108.5,0,0,N,N
2025-10-02,ACC-CTB-002-SB1,CTB-RTL-002,52027.4,0,0,52027.4,49946.3,54108.5,0,0,N,N
2025-10-03,ACC-CTB-002-SB1,CTB-RTL-002,52027.4,0,3094.42,48932.98,46975.66,54108.5,0,0,N,N
2025-10-04,ACC-CTB-002-SB1,CTB-RTL-002,48932.98,0,0,48932.98,46975.66,50890.3,0,0,N,N
2025-10-05,ACC-CTB-002-SB1,CTB-RTL-002,48932.98,0,0,48932.98,46975.66,50890.3,0,0,N,N
2025-10-06,ACC-CTB-002-SB1,CTB-RTL-002,48932.98,0,3464.05,45468.93,43650.17,50890.3,0,0,N,N
2025-10-07,ACC-CTB-002-SB1,CTB-RTL-002,45468.93,0,22378.21,41990.72,40311.09,47287.69,0,1,N,N
2025-10-08,ACC-CTB-002-SB1,CTB-RTL-002,41990.72,0,571.85,41418.87,39762.12,43670.35,0,0,N,N
2025-10-09,ACC-CTB-002-SB1,CTB-RTL-002,41418.87,0,0,41418.87,39762.12,43075.62,0,0,N,N
2025-10-10,ACC-CTB-002-SB1,CTB-RTL-002,41418.87,0,1692.11,39726.76,38137.69,43075.62,0,0,N,N
2025-10-11,ACC-CTB-002-SB1,CTB-RTL-002,39726.76,0,1788.46,37938.3,36420.77,41315.83,0,0,N,N
2025-10-12,ACC-CTB-002-SB1,CTB-RTL-002,37938.3,0,0,37938.3,36420.77,39455.83,0,0,N,N
2025-10-13,ACC-CTB-002-SB1,CTB-RTL-002,37938.3,0,3854.37,34083.93,32720.57,39455.83,0,0,N,N
2025-10-14,ACC-CTB-002-SB1,CTB-RTL-002,34083.93,0,14148.6,19935.33,19137.92,35447.29,0,0,N,N
2025-10-15,ACC-CTB-002-SB1,CTB-RTL-002,19935.33,0,0,19935.33,19137.92,20732.74,0,0,N,N
2025-10-16,ACC-CTB-002-SB1,CTB-RTL-002,19935.33,0,1225.63,18709.7,17961.31,20732.74,0,0,N,N
2025-10-17,ACC-CTB-002-SB1,CTB-RTL-002,18709.7,0,2434.26,16275.44,15624.42,19458.09,0,0,N,N
2025-10-18,ACC-CTB-002-SB1,CTB-RTL-002,16275.44,0,0,16275.44,15624.42,16926.46,0,0,N,N
2025-10-19,ACC-CTB-002-SB1,CTB-RTL-002,16275.44,0,0,16275.44,15624.42,16926.46,0,0,N,N
2025-10-20,ACC-CTB-002-SB1,CTB-RTL-002,16275.44,0,0,16275.44,15624.42,16926.46,0,0,N,N
2025-10-21,ACC-CTB-002-SB1,CTB-RTL-002,16275.44,0,0,16275.44,15624.42,16926.46,0,0,N,N
2025-10-22,ACC-CTB-002-SB1,CTB-RTL-002,16275.44,0,0,16275.44,15624.42,16926.46,0,0,N,N
2025-10-23,ACC-CTB-002-SB1,CTB-RTL-002,16275.44,0,0,16275.44,15624.42,16926.46,0,0,N,N
2025-10-24,ACC-CTB-002-SB1,CTB-RTL-002,16275.44,0,1001.97,15273.47,14662.53,16926.46,0,0,N,N
2025-10-25,ACC-CTB-002-SB1,CTB-RTL-002,15273.47,0,1800.56,13472.91,12933.99,15884.41,0,0,N,N
2025-10-26,ACC-CTB-002-SB1,CTB-RTL-002,13472.91,0,0,13472.91,12933.99,14011.83,0,0,N,N
2025-10-27,ACC-CTB-002-SB1,CTB-RTL-002,13472.91,0,1202.66,12270.25,11779.44,14011.83,0,0,N,N
2025-10-28,ACC-CTB-002-SB1,CTB-RTL-002,12270.25,0,2245.03,10025.22,9624.21,12761.06,0,0,N,N
2025-10-29,ACC-CTB-002-SB1,CTB-RTL-002,10025.22,0,11760.0,-1734.78,-1665.39,10426.23,0,0,Y,N
2025-10-30,ACC-CTB-002-SB1,CTB-RTL-002,-1734.78,0,6720.0,-8454.78,-8116.59,-1804.17,0,0,Y,N
2025-10-31,ACC-CTB-002-SB1,CTB-RTL-002,-8454.78,0,3833.74,-12288.52,-11796.98,-8792.97,0,0,Y,Y
2025-11-01,ACC-CTB-002-SB1,CTB-RTL-002,-12288.52,75348.0,0,63059.48,-11796.98,65581.86,0,0,N,N
2025-11-02,ACC-CTB-002-SB1,CTB-RTL-002,63059.48,0,0,63059.48,60537.1,65581.86,0,0,N,N
2025-11-03,ACC-CTB-002-SB1,CTB-RTL-002,63059.48,0,1176.11,61883.37,59408.04,65581.86,0,0,N,N
2025-11-04,ACC-CTB-002-SB1,CTB-RTL-002,61883.37,0,3262.35,58621.02,56276.18,64358.7,0,0,N,N
2025-11-05,ACC-CTB-002-SB1,CTB-RTL-002,58621.02,0,0,58621.02,56276.18,60965.86,0,0,N,N
2025-11-06,ACC-CTB-002-SB1,CTB-RTL-002,58621.02,0,0,58621.02,56276.18,60965.86,0,0,N,N
2025-11-07,ACC-CTB-002-SB1,CTB-RTL-002,58621.02,0,19915.48,38705.54,37157.32,60965.86,0,0,N,N
2025-11-08,ACC-CTB-002-SB1,CTB-RTL-002,38705.54,0,2275.45,36430.09,34972.89,40253.76,0,0,N,N
2025-11-09,ACC-CTB-002-SB1,CTB-RTL-002,36430.09,0,0,36430.09,34972.89,37887.29,0,0,N,N
2025-11-10,ACC-CTB-002-SB1,CTB-RTL-002,36430.09,0,1854.61,34575.48,33192.46,37887.29,0,0,N,N
2025-11-11,ACC-CTB-002-SB1,CTB-RTL-002,34575.48,0,745.75,33829.73,32476.54,35958.5,0,0,N,N
2025-11-12,ACC-CTB-002-SB1,CTB-RTL-002,33829.73,0,1898.91,31930.82,30653.59,35182.92,0,0,N,N
2025-11-13,ACC-CTB-002-SB1,CTB-RTL-002,31930.82,0,6552.0,25378.82,24363.67,33208.05,0,0,N,N
2025-11-14,ACC-CTB-002-SB1,CTB-RTL-002,25378.82,0,3051.02,22327.8,21434.69,26393.97,0,0,N,N
2025-11-15,ACC-CTB-002-SB1,CTB-RTL-002,22327.8,0,2285.65,20042.15,19240.46,23220.91,0,0,N,N
2025-11-16,ACC-CTB-002-SB1,CTB-RTL-002,20042.15,0,0,20042.15,19240.46,20843.84,0,0,N,N
2025-11-17,ACC-CTB-002-SB1,CTB-RTL-002,20042.15,0,1102.53,18939.62,18182.04,20843.84,0,0,N,N
2025-11-18,ACC-CTB-002-SB1,CTB-RTL-002,18939.62,0,9581.36,9358.26,8983.93,19697.2,0,0,N,N
2025-11-19,ACC-CTB-002-SB1,CTB-RTL-002,9358.26,0,1480.77,7877.49,7562.39,9732.59,0,0,N,N
2025-11-20,ACC-CTB-002-SB1,CTB-RTL-002,7877.49,0,1010.2,6867.29,6592.6,8192.59,0,0,N,N
2025-11-21,ACC-CTB-002-SB1,CTB-RTL-002,6867.29,0,669.63,6197.66,5949.75,7141.98,0,0,N,N
2025-11-22,ACC-CTB-002-SB1,CTB-RTL-002,6197.66,0,2892.86,3304.8,3172.61,6445.57,0,0,N,N
2025-11-23,ACC-CTB-002-SB1,CTB-RTL-002,3304.8,0,0,3304.8,3172.61,3436.99,0,0,N,N
2025-11-24,ACC-CTB-002-SB1,CTB-RTL-002,3304.8,0,0,3304.8,3172.61,3436.99,0,0,N,N
2025-11-25,ACC-CTB-002-SB1,CTB-RTL-002,3304.8,0,8549.1,-5244.3,-5034.53,3436.99,0,0,Y,N
2025-11-26,ACC-CTB-002-SB1,CTB-RTL-002,-5244.3,0,761.15,-6005.45,-5765.23,-5454.07,0,0,Y,N
2025-11-27,ACC-CTB-002-SB1,CTB-RTL-002,-6005.45,0,1997.69,-8003.14,-7683.01,-6245.67,0,0,Y,N
2025-11-28,ACC-CTB-002-SB1,CTB-RTL-002,-8003.14,0,12596.29,-20599.43,-19775.45,-8323.27,0,0,Y,N
2025-11-29,ACC-CTB-002-SB1,CTB-RTL-002,-20599.43,0,1829.48,-22428.91,-21531.75,-21423.41,0,0,Y,N
2025-11-30,ACC-CTB-002-SB1,CTB-RTL-002,-22428.91,0,0,-22428.91,-21531.75,-23326.07,0,0,Y,Y
2025-12-01,ACC-CTB-002-SB1,CTB-RTL-002,-22428.91,71484.0,8099.05,40956.04,-21531.75,42594.28,0,0,N,N
2025-12-02,ACC-CTB-002-SB1,CTB-RTL-002,40956.04,0,7640.94,33315.1,31982.5,42594.28,0,0,N,N
2025-12-03,ACC-CTB-002-SB1,CTB-RTL-002,33315.1,0,949.43,32365.67,31071.04,34647.7,0,0,N,N
2025-12-04,ACC-CTB-002-SB1,CTB-RTL-002,32365.67,0,6417.1,25948.57,24910.63,33660.3,0,0,N,N
2025-12-05,ACC-CTB-002-SB1,CTB-RTL-002,25948.57,0,1219.93,24728.64,23739.49,26986.51,0,0,N,N
2025-12-06,ACC-CTB-002-SB1,CTB-RTL-002,24728.64,0,798.6,23930.04,22972.84,25717.79,0,0,N,N
2025-12-07,ACC-CTB-002-SB1,CTB-RTL-002,23930.04,0,18900.0,5030.04,4828.84,24887.24,0,0,N,N
2025-12-08,ACC-CTB-002-SB1,CTB-RTL-002,5030.04,0,2376.66,2653.38,2547.24,5231.24,0,0,N,N
2025-12-09,ACC-CTB-002-SB1,CTB-RTL-002,2653.38,0,6003.4,-3350.02,-3216.02,2759.52,0,0,Y,N
2025-12-10,ACC-CTB-002-SB1,CTB-RTL-002,-3350.02,0,1070.16,-4420.18,-4243.37,-3484.02,0,0,Y,N
2025-12-11,ACC-CTB-002-SB1,CTB-RTL-002,-4420.18,0,1821.29,-6241.47,-5991.81,-4596.99,0,0,Y,N
2025-12-12,ACC-CTB-002-SB1,CTB-RTL-002,-6241.47,0,0,-6241.47,-5991.81,-6491.13,0,0,Y,N
2025-12-13,ACC-CTB-002-SB1,CTB-RTL-002,-6241.47,0,889.96,-7131.43,-6846.17,-6491.13,0,0,Y,N
2025-12-14,ACC-CTB-002-SB1,CTB-RTL-002,-7131.43,0,0,-7131.43,-6846.17,-7416.69,0,0,Y,N
2025-12-15,ACC-CTB-002-SB1,CTB-RTL-002,-7131.43,0,868.94,-8000.37,-7680.36,-7416.69,0,0,Y,N
2025-12-16,ACC-CTB-002-SB1,CTB-RTL-002,-8000.37,0,698.45,-8698.82,-8350.87,-8320.38,0,0,Y,N
2025-12-17,ACC-CTB-002-SB1,CTB-RTL-002,-8698.82,0,904.43,-9603.25,-9219.12,-9046.77,0,0,Y,N
2025-12-18,ACC-CTB-002-SB1,CTB-RTL-002,-9603.25,0,0,-9603.25,-9219.12,-9987.38,0,0,Y,N
2025-12-19,ACC-CTB-002-SB1,CTB-RTL-002,-9603.25,0,1821.14,-11424.39,-10967.41,-9987.38,0,0,Y,N
2025-12-20,ACC-CTB-002-SB1,CTB-RTL-002,-11424.39,0,1221.5,-12645.89,-12140.05,-11881.37,0,0,Y,N
2025-12-21,ACC-CTB-002-SB1,CTB-RTL-002,-12645.89,0,0,-12645.89,-12140.05,-13151.73,0,0,Y,N
2025-12-22,ACC-CTB-002-SB1,CTB-RTL-002,-12645.89,0,2173.12,-14819.01,-14226.25,-13151.73,0,0,Y,N
2025-12-23,ACC-CTB-002-SB1,CTB-RTL-002,-14819.01,0,889.93,-15708.94,-15080.58,-15411.77,0,0,Y,N
2025-12-24,ACC-CTB-002-SB1,CTB-RTL-002,-15708.94,0,7706.91,-23415.85,-22479.22,-16337.3,0,0,Y,N
2025-12-25,ACC-CTB-002-SB1,CTB-RTL-002,-23415.85,0,0,-23415.85,-22479.22,-24352.48,0,0,Y,N
2025-12-26,ACC-CTB-002-SB1,CTB-RTL-002,-23415.85,0,0,-23415.85,-22479.22,-24352.48,0,0,Y,N
2025-12-27,ACC-CTB-002-SB1,CTB-RTL-002,-23415.85,0,548.28,-23964.13,-23005.56,-24352.48,0,0,Y,N
2025-12-28,ACC-CTB-002-SB1,CTB-RTL-002,-23964.13,0,0,-23964.13,-23005.56,-24922.7,0,0,Y,N
2025-12-29,ACC-CTB-002-SB1,CTB-RTL-002,-23964.13,0,11547.69,-35511.82,-34091.35,-24922.7,0,0,Y,N
2025-12-30,ACC-CTB-002-SB1,CTB-RTL-002,-35511.82,0,3288.43,-38800.25,-37248.24,-36932.29,0,0,Y,N
2025-12-31,ACC-CTB-002-SB1,CTB-RTL-002,-38800.25,1331.75,1672.61,-39141.11,-37575.47,-40352.26,0,0,Y,Y
2026-01-01,ACC-CTB-002-SB1,CTB-RTL-002,-39141.11,67620.0,0,28478.89,-37575.47,29618.05,0,0,N,N
2026-01-02,ACC-CTB-002-SB1,CTB-RTL-002,28478.89,0,1354.23,27124.66,26039.67,29618.05,0,0,N,N
2026-01-03,ACC-CTB-002-SB1,CTB-RTL-002,27124.66,0,613.13,26511.53,25451.07,28209.65,0,0,N,N
2026-01-04,ACC-CTB-002-SB1,CTB-RTL-002,26511.53,0,0,26511.53,25451.07,27571.99,0,0,N,N
2026-01-05,ACC-CTB-002-SB1,CTB-RTL-002,26511.53,0,2298.95,24212.58,23244.08,27571.99,0,0,N,N
2026-01-06,ACC-CTB-002-SB1,CTB-RTL-002,24212.58,0,0,24212.58,23244.08,25181.08,0,0,N,N
2026-01-07,ACC-CTB-002-SB1,CTB-RTL-002,24212.58,0,20287.43,3925.15,3768.14,25181.08,0,0,N,N
2026-01-08,ACC-CTB-002-SB1,CTB-RTL-002,3925.15,0,0,3925.15,3768.14,4082.16,0,0,N,N
2026-01-09,ACC-CTB-002-SB1,CTB-RTL-002,3925.15,0,0,3925.15,3768.14,4082.16,0,0,N,N
2026-01-10,ACC-CTB-002-SB1,CTB-RTL-002,3925.15,0,2928.99,996.16,956.31,4082.16,0,0,N,N
2026-01-11,ACC-CTB-002-SB1,CTB-RTL-002,996.16,0,0,996.16,956.31,1036.01,0,0,N,N
2026-01-12,ACC-CTB-002-SB1,CTB-RTL-002,996.16,0,390.46,605.7,581.47,1036.01,0,0,N,N
2026-01-13,ACC-CTB-002-SB1,CTB-RTL-002,605.7,0,764.24,-158.54,-152.2,629.93,0,0,Y,N
2026-01-14,ACC-CTB-002-SB1,CTB-RTL-002,-158.54,0,2381.34,-2539.88,-2438.28,-164.88,0,0,Y,N
2026-01-15,ACC-CTB-002-SB1,CTB-RTL-002,-2539.88,0,1192.14,-3732.02,-3582.74,-2641.48,0,0,Y,N
2026-01-16,ACC-CTB-002-SB1,CTB-RTL-002,-3732.02,0,7669.88,-11401.9,-10945.82,-3881.3,0,0,Y,N
2026-01-17,ACC-CTB-002-SB1,CTB-RTL-002,-11401.9,0,6477.01,-17878.91,-17163.75,-11857.98,0,0,Y,N
2026-01-18,ACC-CTB-002-SB1,CTB-RTL-002,-17878.91,0,0,-17878.91,-17163.75,-18594.07,0,0,Y,N
2026-01-19,ACC-CTB-002-SB1,CTB-RTL-002,-17878.91,0,349.62,-18228.53,-17499.39,-18594.07,0,0,Y,N
2026-01-20,ACC-CTB-002-SB1,CTB-RTL-002,-18228.53,0,1991.53,-20220.06,-19411.26,-18957.67,0,0,Y,N
2026-01-21,ACC-CTB-002-SB1,CTB-RTL-002,-20220.06,0,590.11,-20810.17,-19977.76,-21028.86,0,0,Y,N
2026-01-22,ACC-CTB-002-SB1,CTB-RTL-002,-20810.17,0,694.29,-21504.46,-20644.28,-21642.58,0,0,Y,N
2026-01-23,ACC-CTB-002-SB1,CTB-RTL-002,-21504.46,0,5880.0,-27384.46,-26289.08,-22364.64,0,0,Y,N
2026-01-24,ACC-CTB-002-SB1,CTB-RTL-002,-27384.46,0,0,-27384.46,-26289.08,-28479.84,0,0,Y,N
2026-01-25,ACC-CTB-002-SB1,CTB-RTL-002,-27384.46,0,0,-27384.46,-26289.08,-28479.84,0,0,Y,N
2026-01-26,ACC-CTB-002-SB1,CTB-RTL-002,-27384.46,0,3801.07,-31185.53,-29938.11,-28479.84,0,0,Y,N
2026-01-27,ACC-CTB-002-SB1,CTB-RTL-002,-31185.53,0,886.81,-32072.34,-30789.45,-32432.95,0,0,Y,N
2026-01-28,ACC-CTB-002-SB1,CTB-RTL-002,-32072.34,0,3090.14,-35162.48,-33755.98,-33355.23,0,0,Y,N
2026-01-29,ACC-CTB-002-SB1,CTB-RTL-002,-35162.48,0,10290.0,-45452.48,-43634.38,-36568.98,0,0,Y,N
2026-01-30,ACC-CTB-002-SB1,CTB-RTL-002,-45452.48,0,2254.15,-47706.63,-45798.36,-47270.58,0,0,Y,N
2026-01-31,ACC-CTB-002-SB1,CTB-RTL-002,-47706.63,0,2012.15,-49718.78,-47730.03,-49614.9,0,0,Y,Y
2026-02-01,ACC-CTB-002-SB1,CTB-RTL-002,-49718.78,65688.0,0,15969.22,-47730.03,16607.99,0,0,N,N
2026-02-02,ACC-CTB-002-SB1,CTB-RTL-002,15969.22,0,0,15969.22,15330.45,16607.99,0,0,N,N
2026-02-03,ACC-CTB-002-SB1,CTB-RTL-002,15969.22,0,2915.65,13053.57,12531.43,16607.99,0,0,N,N
2026-02-04,ACC-CTB-002-SB1,CTB-RTL-002,13053.57,0,0,13053.57,12531.43,13575.71,0,0,N,N
2026-02-05,ACC-CTB-002-SB1,CTB-RTL-002,13053.57,0,2929.42,10124.15,9719.18,13575.71,0,0,N,N
2026-02-06,ACC-CTB-002-SB1,CTB-RTL-002,10124.15,0,590.98,9533.17,9151.84,10529.12,0,0,N,N
2026-02-07,ACC-CTB-002-SB1,CTB-RTL-002,9533.17,0,18900.0,9533.17,9151.84,9914.5,0,1,N,N
2026-02-08,ACC-CTB-002-SB1,CTB-RTL-002,9533.17,0,0,9533.17,9151.84,9914.5,0,0,N,N
2026-02-09,ACC-CTB-002-SB1,CTB-RTL-002,9533.17,0,2153.85,7379.32,7084.15,9914.5,0,0,N,N
2026-02-10,ACC-CTB-002-SB1,CTB-RTL-002,7379.32,0,0,7379.32,7084.15,7674.49,0,0,N,N
2026-02-11,ACC-CTB-002-SB1,CTB-RTL-002,7379.32,0,6313.05,1066.27,1023.62,7674.49,0,0,N,N
2026-02-12,ACC-CTB-002-SB1,CTB-RTL-002,1066.27,0,1549.0,-482.73,-463.42,1108.92,0,0,Y,N
2026-02-13,ACC-CTB-002-SB1,CTB-RTL-002,-482.73,0,2332.97,-2815.7,-2703.07,-502.04,0,0,Y,N
2026-02-14,ACC-CTB-002-SB1,CTB-RTL-002,-2815.7,0,3952.1,-6767.8,-6497.09,-2928.33,0,0,Y,N
2026-02-15,ACC-CTB-002-SB1,CTB-RTL-002,-6767.8,0,0,-6767.8,-6497.09,-7038.51,0,0,Y,N
2026-02-16,ACC-CTB-002-SB1,CTB-RTL-002,-6767.8,0,1524.01,-8291.81,-7960.14,-7038.51,0,0,Y,N
2026-02-17,ACC-CTB-002-SB1,CTB-RTL-002,-8291.81,0,8597.39,-16889.2,-16213.63,-8623.48,0,0,Y,N
2026-02-18,ACC-CTB-002-SB1,CTB-RTL-002,-16889.2,0,2389.94,-19279.14,-18507.97,-17564.77,0,0,Y,N
2026-02-19,ACC-CTB-002-SB1,CTB-RTL-002,-19279.14,0,50725.62,-70004.76,-67204.57,-20050.31,0,0,Y,N
2026-02-20,ACC-CTB-002-SB1,CTB-RTL-002,-70004.76,0,2828.79,-72833.55,-69920.21,-72804.95,0,0,Y,N
2026-02-21,ACC-CTB-002-SB1,CTB-RTL-002,-72833.55,0,1010.61,-73844.16,-70890.39,-75746.89,0,0,Y,N
2026-02-22,ACC-CTB-002-SB1,CTB-RTL-002,-73844.16,0,0,-73844.16,-70890.39,-76797.93,0,0,Y,N
2026-02-23,ACC-CTB-002-SB1,CTB-RTL-002,-73844.16,0,0,-73844.16,-70890.39,-76797.93,0,0,Y,N
2026-02-24,ACC-CTB-002-SB1,CTB-RTL-002,-73844.16,0,0,-73844.16,-70890.39,-76797.93,0,0,Y,N
2026-02-25,ACC-CTB-002-SB1,CTB-RTL-002,-73844.16,0,0,-73844.16,-70890.39,-76797.93,0,0,Y,N
2026-02-26,ACC-CTB-002-SB1,CTB-RTL-002,-73844.16,0,9996.0,-83840.16,-80486.55,-76797.93,0,0,Y,N
2026-02-27,ACC-CTB-002-SB1,CTB-RTL-002,-83840.16,0,1434.28,-85274.44,-81863.46,-87193.77,0,0,Y,N
2026-02-28,ACC-CTB-002-SB1,CTB-RTL-002,-85274.44,0,6554.89,-91829.33,-88156.16,-88685.42,0,0,Y,Y
2026-03-01,ACC-CTB-002-SB1,CTB-RTL-002,-91829.33,63756.0,0,-28073.33,-88156.16,-29196.26,0,0,Y,N
2026-03-02,ACC-CTB-002-SB1,CTB-RTL-002,-28073.33,0,1186.48,-29259.81,-28089.42,-29196.26,0,0,Y,N
2026-03-03,ACC-CTB-002-SB1,CTB-RTL-002,-29259.81,0,1967.57,-31227.38,-29978.28,-30430.2,0,0,Y,N
2026-03-04,ACC-CTB-002-SB1,CTB-RTL-002,-31227.38,0,524.68,-31752.06,-30481.98,-32476.48,0,0,Y,N
2026-03-05,ACC-CTB-002-SB1,CTB-RTL-002,-31752.06,0,7736.02,-39488.08,-37908.56,-33022.14,0,0,Y,N
2026-03-06,ACC-CTB-002-SB1,CTB-RTL-002,-39488.08,0,927.64,-40415.72,-38799.09,-41067.6,0,0,Y,N
2026-03-07,ACC-CTB-002-SB1,CTB-RTL-002,-40415.72,0,20374.91,-60790.63,-58359.0,-42032.35,0,0,Y,N
2026-03-08,ACC-CTB-002-SB1,CTB-RTL-002,-60790.63,0,0,-60790.63,-58359.0,-63222.26,0,0,Y,N
2026-03-09,ACC-CTB-002-SB1,CTB-RTL-002,-60790.63,0,618.25,-61408.88,-58952.52,-63222.26,0,0,Y,N
2026-03-10,ACC-CTB-002-SB1,CTB-RTL-002,-61408.88,0,0,-61408.88,-58952.52,-63865.24,0,0,Y,N
2026-03-11,ACC-CTB-002-SB1,CTB-RTL-002,-61408.88,0,1457.94,-62866.82,-60352.15,-63865.24,0,0,Y,N
2026-03-12,ACC-CTB-002-SB1,CTB-RTL-002,-62866.82,0,0,-62866.82,-60352.15,-65381.49,0,0,Y,N
2026-03-13,ACC-CTB-002-SB1,CTB-RTL-002,-62866.82,0,1506.77,-64373.59,-61798.65,-65381.49,0,0,Y,N
2026-03-14,ACC-CTB-002-SB1,CTB-RTL-002,-64373.59,0,518.98,-64892.57,-62296.87,-66948.53,0,0,Y,N
2026-03-15,ACC-CTB-002-SB1,CTB-RTL-002,-64892.57,0,0,-64892.57,-62296.87,-67488.27,0,0,Y,N
2026-03-16,ACC-CTB-002-SB1,CTB-RTL-002,-64892.57,0,726.33,-65618.9,-62994.14,-67488.27,0,0,Y,N
2026-03-17,ACC-CTB-002-SB1,CTB-RTL-002,-65618.9,0,973.76,-66592.66,-63928.95,-68243.66,0,0,Y,N
2026-03-18,ACC-CTB-002-SB1,CTB-RTL-002,-66592.66,0,835.94,-67428.6,-64731.46,-69256.37,0,0,Y,N
2026-03-19,ACC-CTB-002-SB1,CTB-RTL-002,-67428.6,0,0,-67428.6,-64731.46,-70125.74,0,0,Y,N
2026-03-20,ACC-CTB-002-SB1,CTB-RTL-002,-67428.6,0,756.51,-68185.11,-65457.71,-70125.74,0,0,Y,N
2026-03-21,ACC-CTB-002-SB1,CTB-RTL-002,-68185.11,0,2502.73,-70687.84,-67860.33,-70912.51,0,0,Y,N
2026-03-22,ACC-CTB-002-SB1,CTB-RTL-002,-70687.84,0,0,-70687.84,-67860.33,-73515.35,0,0,Y,N
2026-03-23,ACC-CTB-002-SB1,CTB-RTL-002,-70687.84,0,5544.0,-76231.84,-73182.57,-73515.35,0,0,Y,N
2026-03-24,ACC-CTB-002-SB1,CTB-RTL-002,-76231.84,0,2609.01,-78840.85,-75687.22,-79281.11,0,0,Y,N
2026-03-25,ACC-CTB-002-SB1,CTB-RTL-002,-78840.85,0,2028.63,-80869.48,-77634.7,-81994.48,0,0,Y,N
2026-03-26,ACC-CTB-002-SB1,CTB-RTL-002,-80869.48,0,1529.0,-82398.48,-79102.54,-84104.26,0,0,Y,N
2026-03-27,ACC-CTB-002-SB1,CTB-RTL-002,-82398.48,0,7475.78,-89874.26,-86279.29,-85694.42,0,0,Y,N
2026-03-28,ACC-CTB-002-SB1,CTB-RTL-002,-89874.26,0,0,-89874.26,-86279.29,-93469.23,0,0,Y,N
2026-03-29,ACC-CTB-002-SB1,CTB-RTL-002,-89874.26,0,9702.0,-99576.26,-95593.21,-93469.23,0,0,Y,N
2026-03-30,ACC-CTB-002-SB1,CTB-RTL-002,-99576.26,0,0,-99576.26,-95593.21,-103559.31,0,0,Y,N
2026-03-31,ACC-CTB-002-SB1,CTB-RTL-002,-99576.26,1619.41,1492.3,-99449.15,-95593.21,-103427.12,0,0,Y,Y
