date,facility_id,customer_id,sanction_limit_inr,drawing_power_inr,outstanding_inr,available_limit_inr,utilization_pct,over_limit_flag,days_over_85_pct_rolling_30,interest_serviced_flag,utilization_reason_tag,dp_shortfall_inr,source_system
2025-04-01,FAC-B-CC-001,CTB-RTL-002,300000,300000,246398.2,53601.8,82.1,N,0,,Revolving / stress,,
2025-04-02,FAC-B-CC-001,CTB-RTL-002,300000,300000,247028.35,52971.65,82.3,N,0,,Revolving / stress,,
2025-04-03,FAC-B-CC-001,CTB-RTL-002,300000,300000,248429.29,51570.71,82.8,N,0,,Revolving / stress,,
2025-04-04,FAC-B-CC-001,CTB-RTL-002,300000,300000,240827.25,59172.75,80.3,N,0,,Revolving / stress,,
2025-04-05,FAC-B-CC-001,CTB-RTL-002,300000,300000,241397.4,58602.6,80.5,N,0,,Revolving / stress,,
2025-04-06,FAC-B-CC-001,CTB-RTL-002,300000,300000,233281.24,66718.76,77.8,N,0,,Revolving / stress,,
2025-04-07,FAC-B-CC-001,CTB-RTL-002,300000,300000,246786.9,53213.1,82.3,N,0,,Revolving / stress,,
2025-04-08,FAC-B-CC-001,CTB-RTL-002,300000,300000,236554.05,63445.95,78.9,N,0,,Revolving / stress,,
2025-04-09,FAC-B-CC-001,CTB-RTL-002,300000,300000,247730.33,52269.67,82.6,N,0,,Revolving / stress,,
2025-04-10,FAC-B-CC-001,CTB-RTL-002,300000,300000,232938.07,67061.93,77.6,N,0,,Revolving / stress,,
2025-04-11,FAC-B-CC-001,CTB-RTL-002,300000,300000,231804.05,68195.95,77.3,N,0,,Revolving / stress,,
2025-04-12,FAC-B-CC-001,CTB-RTL-002,300000,300000,236523.96,63476.04,78.8,N,0,,Revolving / stress,,
2025-04-13,FAC-B-CC-001,CTB-RTL-002,300000,300000,232779.66,67220.34,77.6,N,0,,Revolving / stress,,
2025-04-14,FAC-B-CC-001,CTB-RTL-002,300000,300000,237687.62,62312.38,79.2,N,0,,Revolving / stress,,
2025-04-15,FAC-B-CC-001,CTB-RTL-002,300000,300000,245514.75,54485.25,81.8,N,0,,Revolving / stress,,
2025-04-16,FAC-B-CC-001,CTB-RTL-002,300000,300000,247642.36,52357.64,82.5,N,0,,Revolving / stress,,
2025-04-17,FAC-B-CC-001,CTB-RTL-002,300000,300000,243378.15,56621.85,81.1,N,0,,Revolving / stress,,
2025-04-18,FAC-B-CC-001,CTB-RTL-002,300000,300000,239685.05,60314.95,79.9,N,0,,Revolving / stress,,
2025-04-19,FAC-B-CC-001,CTB-RTL-002,300000,300000,247967.23,52032.77,82.7,N,0,,Revolving / stress,,
2025-04-20,FAC-B-CC-001,CTB-RTL-002,300000,300000,246677.57,53322.43,82.2,N,0,,Revolving / stress,,
2025-04-21,FAC-B-CC-001,CTB-RTL-002,300000,300000,235181.29,64818.71,78.4,N,0,,Revolving / stress,,
2025-04-22,FAC-B-CC-001,CTB-RTL-002,300000,300000,241621.78,58378.22,80.5,N,0,,Revolving / stress,,
2025-04-23,FAC-B-CC-001,CTB-RTL-002,300000,300000,239873.73,60126.27,80.0,N,0,,Revolving / stress,,
2025-04-24,FAC-B-CC-001,CTB-RTL-002,300000,300000,235181.44,64818.56,78.4,N,0,,Revolving / stress,,
2025-04-25,FAC-B-CC-001,CTB-RTL-002,300000,300000,246708.75,53291.25,82.2,N,0,,Revolving / stress,,
2025-04-26,FAC-B-CC-001,CTB-RTL-002,300000,300000,245850.97,54149.03,82.0,N,0,,Revolving / stress,,
2025-04-27,FAC-B-CC-001,CTB-RTL-002,300000,300000,235426.88,64573.12,78.5,N,0,,Revolving / stress,,
2025-04-28,FAC-B-CC-001,CTB-RTL-002,300000,300000,236949.02,63050.98,79.0,N,0,,Revolving / stress,,
2025-04-29,FAC-B-CC-001,CTB-RTL-002,300000,300000,234875.35,65124.65,78.3,N,0,,Revolving / stress,,
2025-04-30,FAC-B-CC-001,CTB-RTL-002,300000,300000,241828.73,58171.27,80.6,N,0,Y,Revolving / stress,,
2025-05-01,FAC-B-CC-001,CTB-RTL-002,300000,300000,237818.29,62181.71,79.3,N,0,,Revolving / stress,,
2025-05-02,FAC-B-CC-001,CTB-RTL-002,300000,300000,238654.07,61345.93,79.6,N,0,,Revolving / stress,,
2025-05-03,FAC-B-CC-001,CTB-RTL-002,300000,300000,246751.5,53248.5,82.3,N,0,,Revolving / stress,,
2025-05-04,FAC-B-CC-001,CTB-RTL-002,300000,300000,254408.53,45591.47,84.8,N,0,,Revolving / stress,,
2025-05-05,FAC-B-CC-001,CTB-RTL-002,300000,300000,240640.18,59359.82,80.2,N,0,,Revolving / stress,,
2025-05-06,FAC-B-CC-001,CTB-RTL-002,300000,300000,245018.55,54981.45,81.7,N,0,,Revolving / stress,,
2025-05-07,FAC-B-CC-001,CTB-RTL-002,300000,300000,249035.32,50964.68,83.0,N,0,,Revolving / stress,,
2025-05-08,FAC-B-CC-001,CTB-RTL-002,300000,300000,239547.54,60452.46,79.8,N,0,,Revolving / stress,,
2025-05-09,FAC-B-CC-001,CTB-RTL-002,300000,300000,242002.13,57997.87,80.7,N,0,,Revolving / stress,,
2025-05-10,FAC-B-CC-001,CTB-RTL-002,300000,300000,239890.28,60109.72,80.0,N,0,,Revolving / stress,,
2025-05-11,FAC-B-CC-001,CTB-RTL-002,300000,300000,239754.3,60245.7,79.9,N,0,,Revolving / stress,,
2025-05-12,FAC-B-CC-001,CTB-RTL-002,300000,300000,254471.21,45528.79,84.8,N,0,,Revolving / stress,,
2025-05-13,FAC-B-CC-001,CTB-RTL-002,300000,300000,242039.86,57960.14,80.7,N,0,,Revolving / stress,,
2025-05-14,FAC-B-CC-001,CTB-RTL-002,300000,300000,240926.12,59073.88,80.3,N,0,,Revolving / stress,,
2025-05-15,FAC-B-CC-001,CTB-RTL-002,300000,300000,239556.1,60443.9,79.9,N,0,,Revolving / stress,,
2025-05-16,FAC-B-CC-001,CTB-RTL-002,300000,300000,239593.11,60406.89,79.9,N,0,,Revolving / stress,,
2025-05-17,FAC-B-CC-001,CTB-RTL-002,300000,300000,252646.58,47353.42,84.2,N,0,,Revolving / stress,,
2025-05-18,FAC-B-CC-001,CTB-RTL-002,300000,300000,245090.32,54909.68,81.7,N,0,,Revolving / stress,,
2025-05-19,FAC-B-CC-001,CTB-RTL-002,300000,300000,246448.61,53551.39,82.1,N,0,,Revolving / stress,,
2025-05-20,FAC-B-CC-001,CTB-RTL-002,300000,300000,240458.06,59541.94,80.2,N,0,,Revolving / stress,,
2025-05-21,FAC-B-CC-001,CTB-RTL-002,300000,300000,242465.45,57534.55,80.8,N,0,,Revolving / stress,,
2025-05-22,FAC-B-CC-001,CTB-RTL-002,300000,300000,253553.07,46446.93,84.5,N,0,,Revolving / stress,,
2025-05-23,FAC-B-CC-001,CTB-RTL-002,300000,300000,244437.26,55562.74,81.5,N,0,,Revolving / stress,,
2025-05-24,FAC-B-CC-001,CTB-RTL-002,300000,300000,253118.1,46881.9,84.4,N,0,,Revolving / stress,,
2025-05-25,FAC-B-CC-001,CTB-RTL-002,300000,300000,241828.25,58171.75,80.6,N,0,,Revolving / stress,,
2025-05-26,FAC-B-CC-001,CTB-RTL-002,300000,300000,245503.6,54496.4,81.8,N,0,,Revolving / stress,,
2025-05-27,FAC-B-CC-001,CTB-RTL-002,300000,300000,241408.66,58591.34,80.5,N,0,,Revolving / stress,,
2025-05-28,FAC-B-CC-001,CTB-RTL-002,300000,300000,248322.53,51677.47,82.8,N,0,,Revolving / stress,,
2025-05-29,FAC-B-CC-001,CTB-RTL-002,300000,300000,251046.01,48953.99,83.7,N,0,,Revolving / stress,,
2025-05-30,FAC-B-CC-001,CTB-RTL-002,300000,300000,244122.08,55877.92,81.4,N,0,,Revolving / stress,,
2025-05-31,FAC-B-CC-001,CTB-RTL-002,300000,300000,239029.96,60970.04,79.7,N,0,Y,Revolving / stress,,
2025-06-01,FAC-B-CC-001,CTB-RTL-002,300000,300000,259651.81,40348.19,86.6,N,1,,Revolving / stress,,
2025-06-02,FAC-B-CC-001,CTB-RTL-002,300000,300000,246771.96,53228.04,82.3,N,1,,Revolving / stress,,
2025-06-03,FAC-B-CC-001,CTB-RTL-002,300000,300000,256010.44,43989.56,85.3,N,2,,Revolving / stress,,
2025-06-04,FAC-B-CC-001,CTB-RTL-002,300000,300000,259085.75,40914.25,86.4,N,3,,Revolving / stress,,
2025-06-05,FAC-B-CC-001,CTB-RTL-002,300000,300000,246154.88,53845.12,82.1,N,3,,Revolving / stress,,
2025-06-06,FAC-B-CC-001,CTB-RTL-002,300000,300000,253124.91,46875.09,84.4,N,3,,Revolving / stress,,
2025-06-07,FAC-B-CC-001,CTB-RTL-002,300000,300000,262420.65,37579.35,87.5,N,4,,Revolving / stress,,
2025-06-08,FAC-B-CC-001,CTB-RTL-002,300000,300000,247914.01,52085.99,82.6,N,4,,Revolving / stress,,
2025-06-09,FAC-B-CC-001,CTB-RTL-002,300000,300000,252373.7,47626.3,84.1,N,4,,Revolving / stress,,
2025-06-10,FAC-B-CC-001,CTB-RTL-002,300000,300000,255943.73,44056.27,85.3,N,5,,Revolving / stress,,
2025-06-11,FAC-B-CC-001,CTB-RTL-002,300000,300000,248906.8,51093.2,83.0,N,5,,Revolving / stress,,
2025-06-12,FAC-B-CC-001,CTB-RTL-002,300000,300000,250396.99,49603.01,83.5,N,5,,Revolving / stress,,
2025-06-13,FAC-B-CC-001,CTB-RTL-002,300000,300000,263393.77,36606.23,87.8,N,6,,Revolving / stress,,
2025-06-14,FAC-B-CC-001,CTB-RTL-002,300000,300000,253127.09,46872.91,84.4,N,6,,Revolving / stress,,
2025-06-15,FAC-B-CC-001,CTB-RTL-002,300000,300000,259724.21,40275.79,86.6,N,7,,Revolving / stress,,
2025-06-16,FAC-B-CC-001,CTB-RTL-002,300000,300000,254698.67,45301.33,84.9,N,7,,Revolving / stress,,
2025-06-17,FAC-B-CC-001,CTB-RTL-002,300000,300000,251481.16,48518.84,83.8,N,7,,Revolving / stress,,
2025-06-18,FAC-B-CC-001,CTB-RTL-002,300000,300000,257862.32,42137.68,86.0,N,8,,Revolving / stress,,
2025-06-19,FAC-B-CC-001,CTB-RTL-002,300000,300000,263592.56,36407.44,87.9,N,9,,Revolving / stress,,
2025-06-20,FAC-B-CC-001,CTB-RTL-002,300000,300000,259924.56,40075.44,86.6,N,10,,Revolving / stress,,
2025-06-21,FAC-B-CC-001,CTB-RTL-002,300000,300000,258400.38,41599.62,86.1,N,11,,Revolving / stress,,
2025-06-22,FAC-B-CC-001,CTB-RTL-002,300000,300000,258739.38,41260.62,86.2,N,12,,Revolving / stress,,
2025-06-23,FAC-B-CC-001,CTB-RTL-002,300000,300000,250315.42,49684.58,83.4,N,12,,Revolving / stress,,
2025-06-24,FAC-B-CC-001,CTB-RTL-002,300000,300000,261978.95,38021.05,87.3,N,13,,Revolving / stress,,
2025-06-25,FAC-B-CC-001,CTB-RTL-002,300000,300000,262611.33,37388.67,87.5,N,14,,Revolving / stress,,
2025-06-26,FAC-B-CC-001,CTB-RTL-002,300000,300000,259638.74,40361.26,86.5,N,15,,Revolving / stress,,
2025-06-27,FAC-B-CC-001,CTB-RTL-002,300000,300000,259691.05,40308.95,86.6,N,16,,Revolving / stress,,
2025-06-28,FAC-B-CC-001,CTB-RTL-002,300000,300000,250448.67,49551.33,83.5,N,16,,Revolving / stress,,
2025-06-29,FAC-B-CC-001,CTB-RTL-002,300000,300000,258698.83,41301.17,86.2,N,17,,Revolving / stress,,
2025-06-30,FAC-B-CC-001,CTB-RTL-002,300000,300000,246202.34,53797.66,82.1,N,17,Y,Revolving / stress,,
2025-07-01,FAC-B-CC-001,CTB-RTL-002,300000,300000,257438.56,42561.44,85.8,N,17,,Revolving / stress,,
2025-07-02,FAC-B-CC-001,CTB-RTL-002,300000,300000,257310.53,42689.47,85.8,N,18,,Revolving / stress,,
2025-07-03,FAC-B-CC-001,CTB-RTL-002,300000,300000,262038.59,37961.41,87.3,N,18,,Revolving / stress,,
2025-07-04,FAC-B-CC-001,CTB-RTL-002,300000,300000,256169.62,43830.38,85.4,N,18,,Revolving / stress,,
2025-07-05,FAC-B-CC-001,CTB-RTL-002,300000,300000,269071.82,30928.18,89.7,N,19,,Revolving / stress,,
2025-07-06,FAC-B-CC-001,CTB-RTL-002,300000,300000,262875.19,37124.81,87.6,N,20,,Revolving / stress,,
2025-07-07,FAC-B-CC-001,CTB-RTL-002,300000,300000,257758.36,42241.64,85.9,N,20,,Revolving / stress,,
2025-07-08,FAC-B-CC-001,CTB-RTL-002,300000,300000,260755.0,39245.0,86.9,N,21,,Revolving / stress,,
2025-07-09,FAC-B-CC-001,CTB-RTL-002,300000,300000,257909.55,42090.45,86.0,N,22,,Revolving / stress,,
2025-07-10,FAC-B-CC-001,CTB-RTL-002,300000,300000,262043.69,37956.31,87.3,N,22,,Revolving / stress,,
2025-07-11,FAC-B-CC-001,CTB-RTL-002,300000,300000,269903.33,30096.67,90.0,N,23,,Revolving / stress,,
2025-07-12,FAC-B-CC-001,CTB-RTL-002,300000,300000,266395.53,33604.47,88.8,N,24,,Revolving / stress,,
2025-07-13,FAC-B-CC-001,CTB-RTL-002,300000,300000,272610.41,27389.59,90.9,N,24,,Revolving / stress,,
2025-07-14,FAC-B-CC-001,CTB-RTL-002,300000,300000,260254.25,39745.75,86.8,N,25,,Revolving / stress,,
2025-07-15,FAC-B-CC-001,CTB-RTL-002,300000,300000,259240.91,40759.09,86.4,N,25,,Revolving / stress,,
2025-07-16,FAC-B-CC-001,CTB-RTL-002,300000,300000,270593.55,29406.45,90.2,N,26,,Revolving / stress,,
2025-07-17,FAC-B-CC-001,CTB-RTL-002,300000,300000,264579.96,35420.04,88.2,N,27,,Revolving / stress,,
2025-07-18,FAC-B-CC-001,CTB-RTL-002,300000,300000,272603.63,27396.37,90.9,N,27,,Revolving / stress,,
2025-07-19,FAC-B-CC-001,CTB-RTL-002,300000,300000,265584.02,34415.98,88.5,N,27,,Revolving / stress,,
2025-07-20,FAC-B-CC-001,CTB-RTL-002,300000,300000,259862.37,40137.63,86.6,N,27,,Revolving / stress,,
2025-07-21,FAC-B-CC-001,CTB-RTL-002,300000,300000,271645.57,28354.43,90.5,N,27,,Revolving / stress,,
2025-07-22,FAC-B-CC-001,CTB-RTL-002,300000,300000,258300.43,41699.57,86.1,N,27,,Revolving / stress,,
2025-07-23,FAC-B-CC-001,CTB-RTL-002,300000,300000,266539.82,33460.18,88.8,N,28,,Revolving / stress,,
2025-07-24,FAC-B-CC-001,CTB-RTL-002,300000,300000,270930.28,29069.72,90.3,N,28,,Revolving / stress,,
2025-07-25,FAC-B-CC-001,CTB-RTL-002,300000,300000,270223.37,29776.63,90.1,N,28,,Revolving / stress,,
2025-07-26,FAC-B-CC-001,CTB-RTL-002,300000,300000,270724.42,29275.58,90.2,N,28,,Revolving / stress,,
2025-07-27,FAC-B-CC-001,CTB-RTL-002,300000,300000,258827.77,41172.23,86.3,N,28,,Revolving / stress,,
2025-07-28,FAC-B-CC-001,CTB-RTL-002,300000,300000,271769.74,28230.26,90.6,N,29,,Revolving / stress,,
2025-07-29,FAC-B-CC-001,CTB-RTL-002,300000,300000,269269.35,30730.65,89.8,N,29,,Revolving / stress,,
2025-07-30,FAC-B-CC-001,CTB-RTL-002,300000,300000,255904.7,44095.3,85.3,N,30,,Revolving / stress,,
2025-07-31,FAC-B-CC-001,CTB-RTL-002,300000,300000,261968.14,38031.86,87.3,N,30,Y,Revolving / stress,,
2025-08-01,FAC-B-CC-001,CTB-RTL-002,300000,300000,261353.31,38646.69,87.1,N,30,,Revolving / stress,,
2025-08-02,FAC-B-CC-001,CTB-RTL-002,300000,300000,276514.37,23485.63,92.2,N,30,,Revolving / stress,,
2025-08-03,FAC-B-CC-001,CTB-RTL-002,300000,300000,276305.77,23694.23,92.1,N,30,,Revolving / stress,,
2025-08-04,FAC-B-CC-001,CTB-RTL-002,300000,300000,263665.14,36334.86,87.9,N,30,,Revolving / stress,,
2025-08-05,FAC-B-CC-001,CTB-RTL-002,300000,300000,278605.74,21394.26,92.9,N,30,,Revolving / stress,,
2025-08-06,FAC-B-CC-001,CTB-RTL-002,300000,300000,265333.66,34666.34,88.4,N,30,,Revolving / stress,,
2025-08-07,FAC-B-CC-001,CTB-RTL-002,300000,300000,269661.37,30338.63,89.9,N,30,,Revolving / stress,,
2025-08-08,FAC-B-CC-001,CTB-RTL-002,300000,300000,278539.3,21460.7,92.8,N,30,,Revolving / stress,,
2025-08-09,FAC-B-CC-001,CTB-RTL-002,300000,300000,268215.62,31784.38,89.4,N,30,,Revolving / stress,,
2025-08-10,FAC-B-CC-001,CTB-RTL-002,300000,300000,270172.29,29827.71,90.1,N,30,,Revolving / stress,,
2025-08-11,FAC-B-CC-001,CTB-RTL-002,300000,300000,278830.59,21169.41,92.9,N,30,,Revolving / stress,,
2025-08-12,FAC-B-CC-001,CTB-RTL-002,300000,300000,263645.65,36354.35,87.9,N,30,,Revolving / stress,,
2025-08-13,FAC-B-CC-001,CTB-RTL-002,300000,300000,272630.03,27369.97,90.9,N,30,,Revolving / stress,,
2025-08-14,FAC-B-CC-001,CTB-RTL-002,300000,300000,271330.91,28669.09,90.4,N,30,,Revolving / stress,,
2025-08-15,FAC-B-CC-001,CTB-RTL-002,300000,300000,262085.59,37914.41,87.4,N,30,,Revolving / stress,,
2025-08-16,FAC-B-CC-001,CTB-RTL-002,300000,300000,278821.13,21178.87,92.9,N,30,,Revolving / stress,,
2025-08-17,FAC-B-CC-001,CTB-RTL-002,300000,300000,274286.44,25713.56,91.4,N,30,,Revolving / stress,,
2025-08-18,FAC-B-CC-001,CTB-RTL-002,300000,300000,266163.44,33836.56,88.7,N,30,,Revolving / stress,,
2025-08-19,FAC-B-CC-001,CTB-RTL-002,300000,300000,273577.91,26422.09,91.2,N,30,,Revolving / stress,,
2025-08-20,FAC-B-CC-001,CTB-RTL-002,300000,300000,273106.06,26893.94,91.0,N,30,,Revolving / stress,,
2025-08-21,FAC-B-CC-001,CTB-RTL-002,300000,300000,276438.79,23561.21,92.1,N,30,,Revolving / stress,,
2025-08-22,FAC-B-CC-001,CTB-RTL-002,300000,300000,269701.2,30298.8,89.9,N,30,,Revolving / stress,,
2025-08-23,FAC-B-CC-001,CTB-RTL-002,300000,300000,264307.39,35692.61,88.1,N,30,,Revolving / stress,,
2025-08-24,FAC-B-CC-001,CTB-RTL-002,300000,300000,278032.43,21967.57,92.7,N,30,,Revolving / stress,,
2025-08-25,FAC-B-CC-001,CTB-RTL-002,300000,300000,273312.32,26687.68,91.1,N,30,,Revolving / stress,,
2025-08-26,FAC-B-CC-001,CTB-RTL-002,300000,300000,277102.24,22897.76,92.4,N,30,,Revolving / stress,,
2025-08-27,FAC-B-CC-001,CTB-RTL-002,300000,300000,273691.98,26308.02,91.2,N,30,,Revolving / stress,,
2025-08-28,FAC-B-CC-001,CTB-RTL-002,300000,300000,274774.5,25225.5,91.6,N,30,,Revolving / stress,,
2025-08-29,FAC-B-CC-001,CTB-RTL-002,300000,300000,262629.09,37370.91,87.5,N,30,,Revolving / stress,,
2025-08-30,FAC-B-CC-001,CTB-RTL-002,300000,300000,273899.35,26100.65,91.3,N,30,,Revolving / stress,,
2025-08-31,FAC-B-CC-001,CTB-RTL-002,300000,300000,275839.37,24160.63,91.9,N,30,Y,Revolving / stress,,
2025-09-01,FAC-B-CC-001,CTB-RTL-002,300000,300000,279042.46,20957.54,93.0,N,30,,Revolving / stress,,
2025-09-02,FAC-B-CC-001,CTB-RTL-002,300000,300000,284186.42,15813.58,94.7,N,30,,Revolving / stress,,
2025-09-03,FAC-B-CC-001,CTB-RTL-002,300000,300000,271061.78,28938.22,90.4,N,30,,Revolving / stress,,
2025-09-04,FAC-B-CC-001,CTB-RTL-002,300000,300000,271236.18,28763.82,90.4,N,30,,Revolving / stress,,
2025-09-05,FAC-B-CC-001,CTB-RTL-002,300000,300000,278138.09,21861.91,92.7,N,30,,Revolving / stress,,
2025-09-06,FAC-B-CC-001,CTB-RTL-002,300000,300000,268458.72,31541.28,89.5,N,30,,Revolving / stress,,
2025-09-07,FAC-B-CC-001,CTB-RTL-002,300000,300000,282012.59,17987.41,94.0,N,30,,Revolving / stress,,
2025-09-08,FAC-B-CC-001,CTB-RTL-002,300000,300000,288690.29,11309.71,96.2,N,30,,Revolving / stress,,
2025-09-09,FAC-B-CC-001,CTB-RTL-002,300000,300000,268069.67,31930.33,89.4,N,30,,Revolving / stress,,
2025-09-10,FAC-B-CC-001,CTB-RTL-002,300000,300000,277185.34,22814.66,92.4,N,30,,Revolving / stress,,
2025-09-11,FAC-B-CC-001,CTB-RTL-002,300000,300000,282893.16,17106.84,94.3,N,30,,Revolving / stress,,
2025-09-12,FAC-B-CC-001,CTB-RTL-002,300000,300000,282328.0,17672.0,94.1,N,30,,Revolving / stress,,
2025-09-13,FAC-B-CC-001,CTB-RTL-002,300000,300000,280914.14,19085.86,93.6,N,30,,Revolving / stress,,
2025-09-14,FAC-B-CC-001,CTB-RTL-002,300000,300000,281906.51,18093.49,94.0,N,30,,Revolving / stress,,
2025-09-15,FAC-B-CC-001,CTB-RTL-002,300000,300000,283179.28,16820.72,94.4,N,30,,Revolving / stress,,
2025-09-16,FAC-B-CC-001,CTB-RTL-002,300000,300000,284194.7,15805.3,94.7,N,30,,Revolving / stress,,
2025-09-17,FAC-B-CC-001,CTB-RTL-002,300000,300000,282844.71,17155.29,94.3,N,30,,Revolving / stress,,
2025-09-18,FAC-B-CC-001,CTB-RTL-002,300000,300000,280602.92,19397.08,93.5,N,30,,Revolving / stress,,
2025-09-19,FAC-B-CC-001,CTB-RTL-002,300000,300000,279020.45,20979.55,93.0,N,30,,Revolving / stress,,
2025-09-20,FAC-B-CC-001,CTB-RTL-002,300000,300000,272946.94,27053.06,91.0,N,30,,Revolving / stress,,
2025-09-21,FAC-B-CC-001,CTB-RTL-002,300000,300000,273301.89,26698.11,91.1,N,30,,Revolving / stress,,
2025-09-22,FAC-B-CC-001,CTB-RTL-002,300000,300000,272750.33,27249.67,90.9,N,30,,Revolving / stress,,
2025-09-23,FAC-B-CC-001,CTB-RTL-002,300000,300000,275935.68,24064.32,92.0,N,30,,Revolving / stress,,
2025-09-24,FAC-B-CC-001,CTB-RTL-002,300000,300000,283567.66,16432.34,94.5,N,30,,Revolving / stress,,
2025-09-25,FAC-B-CC-001,CTB-RTL-002,300000,300000,276022.0,23978.0,92.0,N,30,,Revolving / stress,,
2025-09-26,FAC-B-CC-001,CTB-RTL-002,300000,300000,280903.42,19096.58,93.6,N,30,,Revolving / stress,,
2025-09-27,FAC-B-CC-001,CTB-RTL-002,300000,300000,282263.33,17736.67,94.1,N,30,,Revolving / stress,,
2025-09-28,FAC-B-CC-001,CTB-RTL-002,300000,300000,277354.78,22645.22,92.5,N,30,,Revolving / stress,,
2025-09-29,FAC-B-CC-001,CTB-RTL-002,300000,300000,289873.79,10126.21,96.6,N,30,,Revolving / stress,,
2025-09-30,FAC-B-CC-001,CTB-RTL-002,300000,300000,269845.55,30154.45,89.9,N,30,Y,Revolving / stress,,
2025-10-01,FAC-B-CC-001,CTB-RTL-002,300000,300000,274486.88,25513.12,91.5,N,30,,Revolving / stress,,
2025-10-02,FAC-B-CC-001,CTB-RTL-002,300000,300000,273515.76,26484.24,91.2,N,30,,Revolving / stress,,
2025-10-03,FAC-B-CC-001,CTB-RTL-002,300000,300000,275756.05,24243.95,91.9,N,30,,Revolving / stress,,
2025-10-04,FAC-B-CC-001,CTB-RTL-002,300000,300000,273061.29,26938.71,91.0,N,30,,Revolving / stress,,
2025-10-05,FAC-B-CC-001,CTB-RTL-002,300000,300000,283524.91,16475.09,94.5,N,30,,Revolving / stress,,
2025-10-06,FAC-B-CC-001,CTB-RTL-002,300000,300000,283497.9,16502.1,94.5,N,30,,Revolving / stress,,
2025-10-07,FAC-B-CC-001,CTB-RTL-002,300000,300000,278312.48,21687.52,92.8,N,30,,Revolving / stress,,
2025-10-08,FAC-B-CC-001,CTB-RTL-002,300000,300000,275725.58,24274.42,91.9,N,30,,Revolving / stress,,
2025-10-09,FAC-B-CC-001,CTB-RTL-002,300000,300000,275812.74,24187.26,91.9,N,30,,Revolving / stress,,
2025-10-10,FAC-B-CC-001,CTB-RTL-002,300000,300000,277337.09,22662.91,92.4,N,30,,Revolving / stress,,
2025-10-11,FAC-B-CC-001,CTB-RTL-002,300000,300000,273875.83,26124.17,91.3,N,30,,Revolving / stress,,
2025-10-12,FAC-B-CC-001,CTB-RTL-002,300000,300000,277068.45,22931.55,92.4,N,30,,Revolving / stress,,
2025-10-13,FAC-B-CC-001,CTB-RTL-002,300000,300000,290782.71,9217.29,96.9,N,30,,Revolving / stress,,
2025-10-14,FAC-B-CC-001,CTB-RTL-002,300000,300000,279679.63,20320.37,93.2,N,30,,Revolving / stress,,
2025-10-15,FAC-B-CC-001,CTB-RTL-002,300000,300000,280355.45,19644.55,93.5,N,30,,Revolving / stress,,
2025-10-16,FAC-B-CC-001,CTB-RTL-002,300000,300000,275114.79,24885.21,91.7,N,30,,Revolving / stress,,
2025-10-17,FAC-B-CC-001,CTB-RTL-002,300000,300000,286296.16,13703.84,95.4,N,30,,Revolving / stress,,
2025-10-18,FAC-B-CC-001,CTB-RTL-002,300000,300000,284475.26,15524.74,94.8,N,30,,Revolving / stress,,
2025-10-19,FAC-B-CC-001,CTB-RTL-002,300000,300000,287139.46,12860.54,95.7,N,30,,Revolving / stress,,
2025-10-20,FAC-B-CC-001,CTB-RTL-002,300000,300000,280271.48,19728.52,93.4,N,30,,Revolving / stress,,
2025-10-21,FAC-B-CC-001,CTB-RTL-002,300000,300000,278717.38,21282.62,92.9,N,30,,Revolving / stress,,
2025-10-22,FAC-B-CC-001,CTB-RTL-002,300000,300000,289915.8,10084.2,96.6,N,30,,Revolving / stress,,
2025-10-23,FAC-B-CC-001,CTB-RTL-002,300000,300000,286086.55,13913.45,95.4,N,30,,Revolving / stress,,
2025-10-24,FAC-B-CC-001,CTB-RTL-002,300000,300000,287151.99,12848.01,95.7,N,30,,Revolving / stress,,
2025-10-25,FAC-B-CC-001,CTB-RTL-002,300000,300000,285848.63,14151.37,95.3,N,30,,Revolving / stress,,
2025-10-26,FAC-B-CC-001,CTB-RTL-002,300000,300000,274686.04,25313.96,91.6,N,30,,Revolving / stress,,
2025-10-27,FAC-B-CC-001,CTB-RTL-002,300000,300000,288469.44,11530.56,96.2,N,30,,Revolving / stress,,
2025-10-28,FAC-B-CC-001,CTB-RTL-002,300000,300000,276091.57,23908.43,92.0,N,30,,Revolving / stress,,
2025-10-29,FAC-B-CC-001,CTB-RTL-002,300000,300000,289401.35,10598.65,96.5,N,30,,Revolving / stress,,
2025-10-30,FAC-B-CC-001,CTB-RTL-002,300000,300000,289783.22,10216.78,96.6,N,30,,Revolving / stress,,
2025-10-31,FAC-B-CC-001,CTB-RTL-002,300000,300000,290629.6,9370.4,96.9,N,30,Y,Revolving / stress,,
2025-11-01,FAC-B-CC-001,CTB-RTL-002,300000,300000,277494.07,22505.93,92.5,N,30,,Revolving / stress,,
2025-11-02,FAC-B-CC-001,CTB-RTL-002,300000,300000,285740.22,14259.78,95.2,N,30,,Revolving / stress,,
2025-11-03,FAC-B-CC-001,CTB-RTL-002,300000,300000,287094.62,12905.38,95.7,N,30,,Revolving / stress,,
2025-11-04,FAC-B-CC-001,CTB-RTL-002,300000,300000,288904.91,11095.09,96.3,N,30,,Revolving / stress,,
2025-11-05,FAC-B-CC-001,CTB-RTL-002,300000,300000,276882.42,23117.58,92.3,N,30,,Revolving / stress,,
2025-11-06,FAC-B-CC-001,CTB-RTL-002,300000,300000,279730.92,20269.08,93.2,N,30,,Revolving / stress,,
2025-11-07,FAC-B-CC-001,CTB-RTL-002,300000,300000,276756.14,23243.86,92.3,N,30,,Revolving / stress,,
2025-11-08,FAC-B-CC-001,CTB-RTL-002,300000,300000,289705.07,10294.93,96.6,N,30,,Revolving / stress,,
2025-11-09,FAC-B-CC-001,CTB-RTL-002,300000,300000,284614.07,15385.93,94.9,N,30,,Revolving / stress,,
2025-11-10,FAC-B-CC-001,CTB-RTL-002,300000,300000,288274.78,11725.22,96.1,N,30,,Revolving / stress,,
2025-11-11,FAC-B-CC-001,CTB-RTL-002,300000,300000,292055.49,7944.51,97.4,N,30,,Revolving / stress,,
2025-11-12,FAC-B-CC-001,CTB-RTL-002,300000,300000,281537.97,18462.03,93.8,N,30,,Revolving / stress,,
2025-11-13,FAC-B-CC-001,CTB-RTL-002,300000,300000,293173.69,6826.31,97.7,N,30,,Revolving / stress,,
2025-11-14,FAC-B-CC-001,CTB-RTL-002,300000,300000,278687.58,21312.42,92.9,N,30,,Revolving / stress,,
2025-11-15,FAC-B-CC-001,CTB-RTL-002,300000,300000,280719.96,19280.04,93.6,N,30,,Revolving / stress,,
2025-11-16,FAC-B-CC-001,CTB-RTL-002,300000,300000,282565.36,17434.64,94.2,N,30,,Revolving / stress,,
2025-11-17,FAC-B-CC-001,CTB-RTL-002,300000,300000,283136.78,16863.22,94.4,N,30,,Revolving / stress,,
2025-11-18,FAC-B-CC-001,CTB-RTL-002,300000,300000,287602.65,12397.35,95.9,N,30,,Revolving / stress,,
2025-11-19,FAC-B-CC-001,CTB-RTL-002,300000,300000,291359.79,8640.21,97.1,N,30,,Revolving / stress,,
2025-11-20,FAC-B-CC-001,CTB-RTL-002,300000,300000,293434.25,6565.75,97.8,N,30,,Revolving / stress,,
2025-11-21,FAC-B-CC-001,CTB-RTL-002,300000,300000,286469.95,13530.05,95.5,N,30,,Revolving / stress,,
2025-11-22,FAC-B-CC-001,CTB-RTL-002,300000,300000,280138.11,19861.89,93.4,N,30,,Revolving / stress,,
2025-11-23,FAC-B-CC-001,CTB-RTL-002,300000,300000,290573.79,9426.21,96.9,N,30,,Revolving / stress,,
2025-11-24,FAC-B-CC-001,CTB-RTL-002,300000,300000,293697.23,6302.77,97.9,N,30,,Revolving / stress,,
2025-11-25,FAC-B-CC-001,CTB-RTL-002,300000,300000,284941.21,15058.79,95.0,N,30,,Revolving / stress,,
2025-11-26,FAC-B-CC-001,CTB-RTL-002,300000,300000,279262.18,20737.82,93.1,N,30,,Revolving / stress,,
2025-11-27,FAC-B-CC-001,CTB-RTL-002,300000,300000,293757.52,6242.48,97.9,N,30,,Revolving / stress,,
2025-11-28,FAC-B-CC-001,CTB-RTL-002,300000,300000,288720.41,11279.59,96.2,N,30,,Revolving / stress,,
2025-11-29,FAC-B-CC-001,CTB-RTL-002,300000,300000,280385.22,19614.78,93.5,N,30,,Revolving / stress,,
2025-11-30,FAC-B-CC-001,CTB-RTL-002,300000,300000,285344.48,14655.52,95.1,N,30,Y,Revolving / stress,,
2025-12-01,FAC-B-CC-001,CTB-RTL-002,300000,300000,286758.1,13241.9,95.6,N,30,,Revolving / stress,,
2025-12-02,FAC-B-CC-001,CTB-RTL-002,300000,300000,289363.1,10636.9,96.5,N,30,,Revolving / stress,,
2025-12-03,FAC-B-CC-001,CTB-RTL-002,300000,300000,295901.27,4098.73,98.6,N,30,,Revolving / stress,,
2025-12-04,FAC-B-CC-001,CTB-RTL-002,300000,300000,295959.58,4040.42,98.7,N,30,,Revolving / stress,,
2025-12-05,FAC-B-CC-001,CTB-RTL-002,300000,300000,294185.34,5814.66,98.1,N,30,,Revolving / stress,,
2025-12-06,FAC-B-CC-001,CTB-RTL-002,300000,300000,285317.8,14682.2,95.1,N,30,,Revolving / stress,,
2025-12-07,FAC-B-CC-001,CTB-RTL-002,300000,300000,288081.78,11918.22,96.0,N,30,,Revolving / stress,,
2025-12-08,FAC-B-CC-001,CTB-RTL-002,300000,300000,281285.99,18714.01,93.8,N,30,,Revolving / stress,,
2025-12-09,FAC-B-CC-001,CTB-RTL-002,300000,300000,292889.8,7110.2,97.6,N,30,,Revolving / stress,,
2025-12-10,FAC-B-CC-001,CTB-RTL-002,300000,300000,295745.55,4254.45,98.6,N,30,,Revolving / stress,,
2025-12-11,FAC-B-CC-001,CTB-RTL-002,300000,300000,289763.56,10236.44,96.6,N,30,,Revolving / stress,,
2025-12-12,FAC-B-CC-001,CTB-RTL-002,300000,300000,288912.42,11087.58,96.3,N,30,,Revolving / stress,,
2025-12-13,FAC-B-CC-001,CTB-RTL-002,300000,300000,280739.83,19260.17,93.6,N,30,,Revolving / stress,,
2025-12-14,FAC-B-CC-001,CTB-RTL-002,300000,300000,283713.78,16286.22,94.6,N,30,,Revolving / stress,,
2025-12-15,FAC-B-CC-001,CTB-RTL-002,300000,300000,290411.47,9588.53,96.8,N,30,,Revolving / stress,,
2025-12-16,FAC-B-CC-001,CTB-RTL-002,300000,300000,286568.46,13431.54,95.5,N,30,,Revolving / stress,,
2025-12-17,FAC-B-CC-001,CTB-RTL-002,300000,300000,284927.64,15072.36,95.0,N,30,,Revolving / stress,,
2025-12-18,FAC-B-CC-001,CTB-RTL-002,300000,300000,282386.87,17613.13,94.1,N,30,,Revolving / stress,,
2025-12-19,FAC-B-CC-001,CTB-RTL-002,300000,300000,294605.1,5394.9,98.2,N,30,,Revolving / stress,,
2025-12-20,FAC-B-CC-001,CTB-RTL-002,300000,300000,295970.8,4029.2,98.7,N,30,,Revolving / stress,,
2025-12-21,FAC-B-CC-001,CTB-RTL-002,300000,300000,286237.26,13762.74,95.4,N,30,,Revolving / stress,,
2025-12-22,FAC-B-CC-001,CTB-RTL-002,300000,300000,296602.96,3397.04,98.9,N,30,,Revolving / stress,,
2025-12-23,FAC-B-CC-001,CTB-RTL-002,300000,300000,279667.54,20332.46,93.2,N,30,,Revolving / stress,,
2025-12-24,FAC-B-CC-001,CTB-RTL-002,300000,300000,291945.49,8054.51,97.3,N,30,,Revolving / stress,,
2025-12-25,FAC-B-CC-001,CTB-RTL-002,300000,300000,287902.39,12097.61,96.0,N,30,,Revolving / stress,,
2025-12-26,FAC-B-CC-001,CTB-RTL-002,300000,300000,283577.98,16422.02,94.5,N,30,,Revolving / stress,,
2025-12-27,FAC-B-CC-001,CTB-RTL-002,300000,300000,284955.14,15044.86,95.0,N,30,,Revolving / stress,,
2025-12-28,FAC-B-CC-001,CTB-RTL-002,300000,300000,288798.38,11201.62,96.3,N,30,,Revolving / stress,,
2025-12-29,FAC-B-CC-001,CTB-RTL-002,300000,300000,286468.76,13531.24,95.5,N,30,,Revolving / stress,,
2025-12-30,FAC-B-CC-001,CTB-RTL-002,300000,300000,293427.84,6572.16,97.8,N,30,,Revolving / stress,,
2025-12-31,FAC-B-CC-001,CTB-RTL-002,300000,300000,288689.22,11310.78,96.2,N,30,Y,Revolving / stress,,
2026-01-01,FAC-B-CC-001,CTB-RTL-002,300000,300000,286163.96,13836.04,95.4,N,30,,Revolving / stress,,
2026-01-02,FAC-B-CC-001,CTB-RTL-002,300000,300000,303701.71,-3701.71,101.2,Y,30,,Revolving / stress,,
2026-01-03,FAC-B-CC-001,CTB-RTL-002,300000,300000,289568.6,10431.4,96.5,N,30,,Revolving / stress,,
2026-01-04,FAC-B-CC-001,CTB-RTL-002,300000,300000,298763.02,1236.98,99.6,N,30,,Revolving / stress,,
2026-01-05,FAC-B-CC-001,CTB-RTL-002,300000,300000,293402.94,6597.06,97.8,N,30,,Revolving / stress,,
2026-01-06,FAC-B-CC-001,CTB-RTL-002,300000,300000,290440.41,9559.59,96.8,N,30,,Revolving / stress,,
2026-01-07,FAC-B-CC-001,CTB-RTL-002,300000,300000,285105.98,14894.02,95.0,N,30,,Revolving / stress,,
2026-01-08,FAC-B-CC-001,CTB-RTL-002,300000,300000,284132.21,15867.79,94.7,N,30,,Revolving / stress,,
2026-01-09,FAC-B-CC-001,CTB-RTL-002,300000,300000,294878.91,5121.09,98.3,N,30,,Revolving / stress,,
2026-01-10,FAC-B-CC-001,CTB-RTL-002,300000,300000,291128.41,8871.59,97.0,N,30,,Revolving / stress,,
2026-01-11,FAC-B-CC-001,CTB-RTL-002,300000,300000,289488.94,10511.06,96.5,N,30,,Revolving / stress,,
2026-01-12,FAC-B-CC-001,CTB-RTL-002,300000,300000,284036.59,15963.41,94.7,N,30,,Revolving / stress,,
2026-01-13,FAC-B-CC-001,CTB-RTL-002,300000,300000,313662.83,-13662.83,104.6,Y,30,,Revolving / stress,,
2026-01-14,FAC-B-CC-001,CTB-RTL-002,300000,300000,283120.15,16879.85,94.4,N,30,,Revolving / stress,,
2026-01-15,FAC-B-CC-001,CTB-RTL-002,300000,300000,292760.09,7239.91,97.6,N,30,,Revolving / stress,,
2026-01-16,FAC-B-CC-001,CTB-RTL-002,300000,300000,311525.38,-11525.38,103.8,Y,30,,Revolving / stress,,
2026-01-17,FAC-B-CC-001,CTB-RTL-002,300000,300000,282716.62,17283.38,94.2,N,30,,Revolving / stress,,
2026-01-18,FAC-B-CC-001,CTB-RTL-002,300000,300000,308702.59,-8702.59,102.9,Y,30,,Revolving / stress,,
2026-01-19,FAC-B-CC-001,CTB-RTL-002,300000,300000,296025.01,3974.99,98.7,N,30,,Revolving / stress,,
2026-01-20,FAC-B-CC-001,CTB-RTL-002,300000,300000,303383.64,-3383.64,101.1,Y,30,,Revolving / stress,,
2026-01-21,FAC-B-CC-001,CTB-RTL-002,300000,300000,301679.34,-1679.34,100.6,Y,30,,Revolving / stress,,
2026-01-22,FAC-B-CC-001,CTB-RTL-002,300000,300000,298115.87,1884.13,99.4,N,30,,Revolving / stress,,
2026-01-23,FAC-B-CC-001,CTB-RTL-002,300000,300000,289013.5,10986.5,96.3,N,30,,Revolving / stress,,
2026-01-24,FAC-B-CC-001,CTB-RTL-002,300000,300000,299648.89,351.11,99.9,N,30,,Revolving / stress,,
2026-01-25,FAC-B-CC-001,CTB-RTL-002,300000,300000,309305.76,-9305.76,103.1,Y,30,,Revolving / stress,,
2026-01-26,FAC-B-CC-001,CTB-RTL-002,300000,300000,289530.92,10469.08,96.5,N,30,,Revolving / stress,,
2026-01-27,FAC-B-CC-001,CTB-RTL-002,300000,300000,313122.25,-13122.25,104.4,Y,30,,Revolving / stress,,
2026-01-28,FAC-B-CC-001,CTB-RTL-002,300000,300000,311382.66,-11382.66,103.8,Y,30,,Revolving / stress,,
2026-01-29,FAC-B-CC-001,CTB-RTL-002,300000,300000,301731.09,-1731.09,100.6,Y,30,,Revolving / stress,,
2026-01-30,FAC-B-CC-001,CTB-RTL-002,300000,300000,283422.35,16577.65,94.5,N,30,,Revolving / stress,,
2026-01-31,FAC-B-CC-001,CTB-RTL-002,300000,300000,303771.1,-3771.1,101.3,Y,30,Y,Revolving / stress,,
2026-02-01,FAC-B-CC-001,CTB-RTL-002,300000,300000,291040.48,8959.52,97.0,N,30,,Revolving / stress,,
2026-02-02,FAC-B-CC-001,CTB-RTL-002,300000,300000,291857.81,8142.19,97.3,N,30,,Revolving / stress,,
2026-02-03,FAC-B-CC-001,CTB-RTL-002,300000,300000,294114.26,5885.74,98.0,N,30,,Revolving / stress,,
2026-02-04,FAC-B-CC-001,CTB-RTL-002,300000,300000,285421.88,14578.12,95.1,N,30,,Revolving / stress,,
2026-02-05,FAC-B-CC-001,CTB-RTL-002,300000,300000,291588.42,8411.58,97.2,N,30,,Revolving / stress,,
2026-02-06,FAC-B-CC-001,CTB-RTL-002,300000,300000,301818.83,-1818.83,100.6,Y,30,,Revolving / stress,,
2026-02-07,FAC-B-CC-001,CTB-RTL-002,300000,300000,295575.93,4424.07,98.5,N,30,,Revolving / stress,,
2026-02-08,FAC-B-CC-001,CTB-RTL-002,300000,300000,290997.25,9002.75,97.0,N,30,,Revolving / stress,,
2026-02-09,FAC-B-CC-001,CTB-RTL-002,300000,300000,295826.95,4173.05,98.6,N,30,,Revolving / stress,,
2026-02-10,FAC-B-CC-001,CTB-RTL-002,300000,300000,292351.8,7648.2,97.5,N,30,,Revolving / stress,,
2026-02-11,FAC-B-CC-001,CTB-RTL-002,300000,300000,289324.08,10675.92,96.4,N,30,,Revolving / stress,,
2026-02-12,FAC-B-CC-001,CTB-RTL-002,300000,300000,292495.08,7504.92,97.5,N,30,,Revolving / stress,,
2026-02-13,FAC-B-CC-001,CTB-RTL-002,300000,300000,297017.38,2982.62,99.0,N,30,,Revolving / stress,,
2026-02-14,FAC-B-CC-001,CTB-RTL-002,300000,300000,292725.47,7274.53,97.6,N,30,,Revolving / stress,,
2026-02-15,FAC-B-CC-001,CTB-RTL-002,300000,300000,301892.29,-1892.29,100.6,Y,30,,Revolving / stress,,
2026-02-16,FAC-B-CC-001,CTB-RTL-002,300000,300000,287227.06,12772.94,95.7,N,30,,Revolving / stress,,
2026-02-17,FAC-B-CC-001,CTB-RTL-002,300000,300000,293675.48,6324.52,97.9,N,30,,Revolving / stress,,
2026-02-18,FAC-B-CC-001,CTB-RTL-002,300000,300000,302362.46,-2362.46,100.8,Y,30,,Revolving / stress,,
2026-02-19,FAC-B-CC-001,CTB-RTL-002,300000,300000,287467.56,12532.44,95.8,N,30,,Revolving / stress,,
2026-02-20,FAC-B-CC-001,CTB-RTL-002,300000,300000,288862.23,11137.77,96.3,N,30,,Revolving / stress,,
2026-02-21,FAC-B-CC-001,CTB-RTL-002,300000,300000,291472.95,8527.05,97.2,N,30,,Revolving / stress,,
2026-02-22,FAC-B-CC-001,CTB-RTL-002,300000,300000,290446.08,9553.92,96.8,N,30,,Revolving / stress,,
2026-02-23,FAC-B-CC-001,CTB-RTL-002,300000,300000,285155.16,14844.84,95.1,N,30,,Revolving / stress,,
2026-02-24,FAC-B-CC-001,CTB-RTL-002,300000,300000,301239.12,-1239.12,100.4,Y,30,,Revolving / stress,,
2026-02-25,FAC-B-CC-001,CTB-RTL-002,300000,300000,297988.12,2011.88,99.3,N,30,,Revolving / stress,,
2026-02-26,FAC-B-CC-001,CTB-RTL-002,300000,300000,302652.92,-2652.92,100.9,Y,30,,Revolving / stress,,
2026-02-27,FAC-B-CC-001,CTB-RTL-002,300000,300000,289274.59,10725.41,96.4,N,30,,Revolving / stress,,
2026-02-28,FAC-B-CC-001,CTB-RTL-002,300000,300000,291016.89,8983.11,97.0,N,30,Y,Revolving / stress,,
2026-03-01,FAC-B-CC-001,CTB-RTL-002,300000,300000,290609.98,9390.02,96.9,N,30,,Revolving / stress,,
2026-03-02,FAC-B-CC-001,CTB-RTL-002,300000,300000,303425.84,-3425.84,101.1,Y,30,,Revolving / stress,,
2026-03-03,FAC-B-CC-001,CTB-RTL-002,300000,300000,289476.21,10523.79,96.5,N,30,,Revolving / stress,,
2026-03-04,FAC-B-CC-001,CTB-RTL-002,300000,300000,289396.51,10603.49,96.5,N,30,,Revolving / stress,,
2026-03-05,FAC-B-CC-001,CTB-RTL-002,300000,300000,304562.89,-4562.89,101.5,Y,30,,Revolving / stress,,
2026-03-06,FAC-B-CC-001,CTB-RTL-002,300000,300000,305380.69,-5380.69,101.8,Y,30,,Revolving / stress,,
2026-03-07,FAC-B-CC-001,CTB-RTL-002,300000,300000,299560.87,439.13,99.9,N,30,,Revolving / stress,,
2026-03-08,FAC-B-CC-001,CTB-RTL-002,300000,300000,284533.34,15466.66,94.8,N,30,,Revolving / stress,,
2026-03-09,FAC-B-CC-001,CTB-RTL-002,300000,300000,285860.84,14139.16,95.3,N,30,,Revolving / stress,,
2026-03-10,FAC-B-CC-001,CTB-RTL-002,300000,300000,290261.26,9738.74,96.8,N,30,,Revolving / stress,,
2026-03-11,FAC-B-CC-001,CTB-RTL-002,300000,300000,299614.86,385.14,99.9,N,30,,Revolving / stress,,
2026-03-12,FAC-B-CC-001,CTB-RTL-002,300000,300000,306762.69,-6762.69,102.3,Y,30,,Revolving / stress,,
2026-03-13,FAC-B-CC-001,CTB-RTL-002,300000,300000,288646.21,11353.79,96.2,N,30,,Revolving / stress,,
2026-03-14,FAC-B-CC-001,CTB-RTL-002,300000,300000,283090.49,16909.51,94.4,N,30,,Revolving / stress,,
2026-03-15,FAC-B-CC-001,CTB-RTL-002,300000,300000,296122.24,3877.76,98.7,N,30,,Revolving / stress,,
2026-03-16,FAC-B-CC-001,CTB-RTL-002,300000,300000,308953.88,-8953.88,103.0,Y,30,,Revolving / stress,,
2026-03-17,FAC-B-CC-001,CTB-RTL-002,300000,300000,297682.06,2317.94,99.2,N,30,,Revolving / stress,,
2026-03-18,FAC-B-CC-001,CTB-RTL-002,300000,300000,282055.39,17944.61,94.0,N,30,,Revolving / stress,,
2026-03-19,FAC-B-CC-001,CTB-RTL-002,300000,300000,288755.02,11244.98,96.3,N,30,,Revolving / stress,,
2026-03-20,FAC-B-CC-001,CTB-RTL-002,300000,300000,299474.48,525.52,99.8,N,30,,Revolving / stress,,
2026-03-21,FAC-B-CC-001,CTB-RTL-002,300000,300000,310138.88,-10138.88,103.4,Y,30,,Revolving / stress,,
2026-03-22,FAC-B-CC-001,CTB-RTL-002,300000,300000,294558.71,5441.29,98.2,N,30,,Revolving / stress,,
2026-03-23,FAC-B-CC-001,CTB-RTL-002,300000,300000,287407.95,12592.05,95.8,N,30,,Revolving / stress,,
2026-03-24,FAC-B-CC-001,CTB-RTL-002,300000,300000,294770.93,5229.07,98.3,N,30,,Revolving / stress,,
2026-03-25,FAC-B-CC-001,CTB-RTL-002,300000,300000,299421.79,578.21,99.8,N,30,,Revolving / stress,,
2026-03-26,FAC-B-CC-001,CTB-RTL-002,300000,300000,289375.82,10624.18,96.5,N,30,,Revolving / stress,,
2026-03-27,FAC-B-CC-001,CTB-RTL-002,300000,300000,313701.51,-13701.51,104.6,Y,30,,Revolving / stress,,
2026-03-28,FAC-B-CC-001,CTB-RTL-002,300000,300000,282930.53,17069.47,94.3,N,30,,Revolving / stress,,
2026-03-29,FAC-B-CC-001,CTB-RTL-002,300000,300000,301859.94,-1859.94,100.6,Y,30,,Revolving / stress,,
2026-03-30,FAC-B-CC-001,CTB-RTL-002,300000,300000,284804.02,15195.98,94.9,N,30,,Revolving / stress,,
2026-03-31,FAC-B-CC-001,CTB-RTL-002,300000,300000,306247.59,-6247.59,102.1,Y,30,Y,Revolving / stress,,
