case_id,customer_id,case_type,title,status,rich_json
INT-B-001,CTB-RTL-002,RM interaction,Card transaction dispute,Negative,"{""narrative"": ""Card transaction dispute is the reason this case is on the RM's desk today - current state: Negative. Verbatim from the CRM: Customer reported an unauthorised card transaction of Rs 48500 at GlobalMart Online; chargeback raised and card hot-listed. None of it stands alone - Self-employed; income volatile; revolving credit-card balance; collections risk is the backdrop."", ""discussion_points"": [""Document context: Income proof / salary slip (Pending), Video re-KYC (Pending)"", ""Capture any new amount, counterparty, date or commitment as a CRM fact"", ""Confirm the customer still recognises the position recorded as 'Negative'"", ""Agree explicitly who does the next thing, and by when""], ""current_status_detail"": ""Recorded as Negative. Outstanding documents: Income proof / salary slip (Pending), Video re-KYC (Pending). This is still open."", ""customer_position"": ""This is a trust problem now, not an information problem. Rakesh wants to hear a commitment, not a process."", ""rm_next_step"": ""Use it as continuity - reference it by name so Rakesh knows the bank remembered, then ask the confirming question.""}"
INT-B-002,CTB-RTL-002,RM interaction,EMI bounce,Concerned,"{""narrative"": ""What was recorded at the time: Two personal-loan EMIs bounced for insufficient balance; customer cited a delayed client payment. The live thread here is EMI bounce; the record still shows it as Concerned. Set that beside Self-employed; income volatile; revolving credit-card balance; collections risk and the shape of the conversation is obvious."", ""discussion_points"": [""Document context: Income proof / salary slip (Pending), Video re-KYC (Pending)"", ""Agree explicitly who does the next thing, and by when"", ""Confirm the customer still recognises the position recorded as 'Concerned'"", ""Check what changed since the note was written, and by how much""], ""current_status_detail"": ""Recorded as Concerned. Outstanding documents: Income proof / salary slip (Pending), Video re-KYC (Pending). This is still open."", ""customer_position"": ""Rakesh is worried about what happens next and is looking for a realistic plan, not reassurance."", ""rm_next_step"": ""Ask one question, write down the answer, and raise a task only if Rakesh explicitly asks for it.""}"
INT-B-003,CTB-RTL-002,RM interaction,Collections - SMA-1,Concerned,"{""narrative"": ""What Rakesh Sharma actually raised was Collections - SMA-1, and nothing has moved it off Concerned. What was recorded at the time: Account flagged SMA-1; RM discussed a one-time EMI deferral and a step-down plan."", ""discussion_points"": [""Confirm the customer still recognises the position recorded as 'Concerned'"", ""Document context: Income proof / salary slip (Pending), Video re-KYC (Pending)"", ""Ask whether anything else has been raised through another channel"", ""Lead with collections - sma-1 - do not let it surface later as a surprise""], ""current_status_detail"": ""Recorded as Concerned. Outstanding documents: Income proof / salary slip (Pending), Video re-KYC (Pending). This is still open."", ""customer_position"": ""Rakesh is cooperative but stretched - avoid anything that sounds like a new obligation."", ""rm_next_step"": ""Use it as continuity - reference it by name so Rakesh knows the bank remembered, then ask the confirming question.""}"
INT-B-004,CTB-RTL-002,RM interaction,Card utilisation,Neutral,"{""narrative"": ""Rakesh Sharma is sitting with an unresolved Card utilisation, logged as Neutral. What was recorded at the time: Card running at ~92% utilisation revolving at 42% APR; RM advised a balance-transfer / EMI conversion to cut interest. It has to be read with Self-employed; income volatile; revolving credit-card balance; collections risk in view."", ""discussion_points"": [""Capture any new amount, counterparty, date or commitment as a CRM fact"", ""Agree explicitly who does the next thing, and by when"", ""Lead with card utilisation - do not let it surface later as a surprise"", ""Confirm the customer still recognises the position recorded as 'Neutral'""], ""current_status_detail"": ""Recorded as Neutral. Outstanding documents: Income proof / salary slip (Pending), Video re-KYC (Pending). This is still open."", ""customer_position"": ""Rakesh is simply waiting on a fact. Give it, then move on."", ""rm_next_step"": ""Open with this case, confirm one fact you do not already have, and log the answer before offering anything.""}"
INT-B-005,CTB-RTL-002,RM interaction,Late-fee dispute,Negative,"{""narrative"": ""The note on file reads: Customer disputed a late-payment fee; RM logged it for review. Late-fee dispute is the reason this case is on the RM's desk today - current state: Negative. None of it stands alone - Self-employed; income volatile; revolving credit-card balance; collections risk is the backdrop."", ""discussion_points"": [""Confirm the customer still recognises the position recorded as 'Negative'"", ""Ask whether anything else has been raised through another channel"", ""Document context: Income proof / salary slip (Pending), Video re-KYC (Pending)"", ""Capture any new amount, counterparty, date or commitment as a CRM fact""], ""current_status_detail"": ""Recorded as Negative. Outstanding documents: Income proof / salary slip (Pending), Video re-KYC (Pending). This is still open."", ""customer_position"": ""This is a trust problem now, not an information problem. Rakesh wants to hear a commitment, not a process."", ""rm_next_step"": ""Ask one question, write down the answer, and raise a task only if Rakesh explicitly asks for it.""}"
INT-B-006,CTB-RTL-002,RM interaction,Retention risk,Negative,"{""narrative"": ""Rakesh Sharma is sitting with an unresolved Retention risk, logged as Negative. The RM's own summary was: Customer mentioned closing the card and moving to another bank over the dispute and charges."", ""discussion_points"": [""Check what changed since the note was written, and by how much"", ""Confirm the customer still recognises the position recorded as 'Negative'"", ""Ask whether anything else has been raised through another channel"", ""Lead with retention risk - do not let it surface later as a surprise""], ""current_status_detail"": ""Recorded as Negative. Outstanding documents: Income proof / salary slip (Pending), Video re-KYC (Pending). This is still open."", ""customer_position"": ""Rakesh is angry rather than confused - the facts are not in dispute, the resolution is."", ""rm_next_step"": ""Use it as continuity - reference it by name so Rakesh knows the bank remembered, then ask the confirming question.""}"
OPP-B-001,CTB-RTL-002,Opportunity,Credit Limit Increase,Not eligible,"{""narrative"": ""Nothing to action on Credit Limit Increase - it closed cleanly. Verbatim from the CRM: Stage Not eligible; status Blocked. Declining income; 2 EMI bounces (SMA-1); high utilisation; open dispute; re-KYC due. Set that beside Self-employed; income volatile; revolving credit-card balance; collections risk and the shape of the conversation is obvious."", ""discussion_points"": [""Check what changed since the note was written, and by how much"", ""Confirm the customer still recognises the position recorded as 'Not eligible'"", ""Document context: Income proof / salary slip (Pending), Video re-KYC (Pending)"", ""Ask whether anything else has been raised through another channel""], ""current_status_detail"": ""Recorded as Not eligible. Outstanding documents: Income proof / salary slip (Pending), Video re-KYC (Pending). Closed cases are context only."", ""customer_position"": ""No strong feeling either way from Rakesh - this is an information exchange."", ""rm_next_step"": ""Ask one question, write down the answer, and raise a task only if Rakesh explicitly asks for it.""}"
OPP-B-002,CTB-RTL-002,Opportunity,Card EMI Conversion / Balance Transfer,Qualified,"{""narrative"": ""The RM's own summary was: Stage Qualified; status Open. Cuts 42% APR; service recovery. This one is straightforward on paper: Card EMI Conversion / Balance Transfer, still Qualified. Set that beside Self-employed; income volatile; revolving credit-card balance; collections risk and the shape of the conversation is obvious."", ""discussion_points"": [""Document context: Income proof / salary slip (Pending), Video re-KYC (Pending)"", ""Ask whether anything else has been raised through another channel"", ""Check what changed since the note was written, and by how much"", ""Confirm the customer still recognises the position recorded as 'Qualified'""], ""current_status_detail"": ""Recorded as Qualified. Outstanding documents: Income proof / salary slip (Pending), Video re-KYC (Pending). This is still open."", ""customer_position"": ""No strong feeling either way from Rakesh - this is an information exchange."", ""rm_next_step"": ""Open with this case, confirm one fact you do not already have, and log the answer before offering anything.""}"
OPP-B-003,CTB-RTL-002,Opportunity,Personal Loan Restructuring,Qualified,"{""narrative"": ""Rakesh Sharma is sitting with an unresolved Personal Loan Restructuring, logged as Qualified. The RM's own summary was: Stage Qualified; status Open. SMA-1; restructuring over new credit."", ""discussion_points"": [""Lead with personal loan restructuring - do not let it surface later as a surprise"", ""Check what changed since the note was written, and by how much"", ""Capture any new amount, counterparty, date or commitment as a CRM fact"", ""Confirm the customer still recognises the position recorded as 'Qualified'""], ""current_status_detail"": ""Recorded as Qualified. Outstanding documents: Income proof / salary slip (Pending), Video re-KYC (Pending). This is still open."", ""customer_position"": ""Rakesh is neither pushing nor resisting; the conversation is the RM's to shape."", ""rm_next_step"": ""Open with this case, confirm one fact you do not already have, and log the answer before offering anything.""}"
OPP-B-004,CTB-RTL-002,Opportunity,New Top-up Loan,Hold,"{""narrative"": ""Rakesh Sharma is sitting with an unresolved New Top-up Loan, logged as Hold. Verbatim from the CRM: Stage Hold; status Blocked. Resolve dispute + collections first. It has to be read with Self-employed; income volatile; revolving credit-card balance; collections risk in view."", ""discussion_points"": [""Agree explicitly who does the next thing, and by when"", ""Check what changed since the note was written, and by how much"", ""Capture any new amount, counterparty, date or commitment as a CRM fact"", ""Ask whether anything else has been raised through another channel""], ""current_status_detail"": ""Recorded as Hold. Outstanding documents: Income proof / salary slip (Pending), Video re-KYC (Pending). This is still open."", ""customer_position"": ""No strong feeling either way from Rakesh - this is an information exchange."", ""rm_next_step"": ""Use it as continuity - reference it by name so Rakesh knows the bank remembered, then ask the confirming question.""}"
TASK-B-001,CTB-RTL-002,CRM task,Resolve card dispute SR-B-202602-001 (chargeback),Open,"{""narrative"": ""The note on file reads: Due 2026-04-09, priority High. The live thread here is Resolve card dispute SR-B-202602-001 (chargeback); the record still shows it as Open. Set that beside Self-employed; income volatile; revolving credit-card balance; collections risk and the shape of the conversation is obvious."", ""discussion_points"": [""Agree explicitly who does the next thing, and by when"", ""Confirm the customer still recognises the position recorded as 'Open'"", ""Ask whether anything else has been raised through another channel"", ""Lead with resolve card dispute sr-b-202602-001 (chargeback) - do not let it surface later as a surprise""], ""current_status_detail"": ""Recorded as Open. Outstanding documents: Income proof / salary slip (Pending), Video re-KYC (Pending). This is still open."", ""customer_position"": ""Expect frustration. Rakesh has been let down once already and will be listening for whether the bank owns it."", ""rm_next_step"": ""Ask one question, write down the answer, and raise a task only if Rakesh explicitly asks for it.""}"
TASK-B-002,CTB-RTL-002,CRM task,Offer EMI restructuring / step-down,Open,"{""narrative"": ""Offer EMI restructuring / step-down is the reason this case is on the RM's desk today - current state: Open. Verbatim from the CRM: Due 2026-04-10, priority High."", ""discussion_points"": [""Ask whether anything else has been raised through another channel"", ""Agree explicitly who does the next thing, and by when"", ""Document context: Income proof / salary slip (Pending), Video re-KYC (Pending)"", ""Check what changed since the note was written, and by how much""], ""current_status_detail"": ""Recorded as Open. Outstanding documents: Income proof / salary slip (Pending), Video re-KYC (Pending). This is still open."", ""customer_position"": ""Expect frustration. Rakesh has been let down once already and will be listening for whether the bank owns it."", ""rm_next_step"": ""Ask one question, write down the answer, and raise a task only if Rakesh explicitly asks for it.""}"
TASK-B-003,CTB-RTL-002,CRM task,Compute EMI-conversion savings on card,Open,"{""narrative"": ""The live thread here is Compute EMI-conversion savings on card; the record still shows it as Open. Verbatim from the CRM: Due 2026-04-11, priority Medium. None of it stands alone - Self-employed; income volatile; revolving credit-card balance; collections risk is the backdrop."", ""discussion_points"": [""Confirm the customer still recognises the position recorded as 'Open'"", ""Agree explicitly who does the next thing, and by when"", ""Capture any new amount, counterparty, date or commitment as a CRM fact"", ""Check what changed since the note was written, and by how much""], ""current_status_detail"": ""Recorded as Open. Outstanding documents: Income proof / salary slip (Pending), Video re-KYC (Pending). This is still open."", ""customer_position"": ""Rakesh is angry rather than confused - the facts are not in dispute, the resolution is."", ""rm_next_step"": ""Open with this case, confirm one fact you do not already have, and log the answer before offering anything.""}"
TASK-B-004,CTB-RTL-002,CRM task,Late-fee waiver review + retention call,Open,"{""narrative"": ""What was recorded at the time: Due 2026-04-14, priority High. This one is straightforward on paper: Late-fee waiver review + retention call, still Open. Read against Self-employed; income volatile; revolving credit-card balance; collections risk, that changes the priority."", ""discussion_points"": [""Capture any new amount, counterparty, date or commitment as a CRM fact"", ""Lead with late-fee waiver review + retention call - do not let it surface later as a surprise"", ""Document context: Income proof / salary slip (Pending), Video re-KYC (Pending)"", ""Confirm the customer still recognises the position recorded as 'Open'""], ""current_status_detail"": ""Recorded as Open. Outstanding documents: Income proof / salary slip (Pending), Video re-KYC (Pending). This is still open."", ""customer_position"": ""Rakesh is angry rather than confused - the facts are not in dispute, the resolution is."", ""rm_next_step"": ""Open with this case, confirm one fact you do not already have, and log the answer before offering anything.""}"
SR-B-202602-001,CTB-RTL-002,Service request,Card transaction dispute (unauthorised),Open,"{""narrative"": ""Card transaction dispute (unauthorised) is the reason this case is on the RM's desk today - current state: Open. The RM's own summary was: Customer disputes 48500 at GlobalMart Online on 2026-02-19; chargeback under review."", ""discussion_points"": [""Confirm the customer still recognises the position recorded as 'Open'"", ""Lead with card transaction dispute (unauthorised) - do not let it surface later as a surprise"", ""Document context: Income proof / salary slip (Pending), Video re-KYC (Pending)"", ""Capture any new amount, counterparty, date or commitment as a CRM fact""], ""current_status_detail"": ""Recorded as Open. Outstanding documents: Income proof / salary slip (Pending), Video re-KYC (Pending). This is still open."", ""customer_position"": ""Rakesh is angry rather than confused - the facts are not in dispute, the resolution is."", ""rm_next_step"": ""Confirm the current position out loud, capture any new amount or date as a CRM fact, and only then discuss options.""}"
SR-B-202601-002,CTB-RTL-002,Service request,EMI bounce / collections call,Open,"{""narrative"": ""EMI bounce / collections call is the reason this case is on the RM's desk today - current state: Open. Verbatim from the CRM: Two personal-loan EMIs bounced; customer requests restructuring / moratorium. Set that beside Self-employed; income volatile; revolving credit-card balance; collections risk and the shape of the conversation is obvious."", ""discussion_points"": [""Document context: Income proof / salary slip (Pending), Video re-KYC (Pending)"", ""Confirm the customer still recognises the position recorded as 'Open'"", ""Check what changed since the note was written, and by how much"", ""Capture any new amount, counterparty, date or commitment as a CRM fact""], ""current_status_detail"": ""Recorded as Open. Outstanding documents: Income proof / salary slip (Pending), Video re-KYC (Pending). This is still open."", ""customer_position"": ""Expect frustration. Rakesh has been let down once already and will be listening for whether the bank owns it."", ""rm_next_step"": ""Ask one question, write down the answer, and raise a task only if Rakesh explicitly asks for it.""}"
SR-B-202602-003,CTB-RTL-002,Service request,Late-payment charge dispute,Open,"{""narrative"": ""What was recorded at the time: Customer disputes late-payment fee on the credit card. The live thread here is Late-payment charge dispute; the record still shows it as Open. It has to be read with Self-employed; income volatile; revolving credit-card balance; collections risk in view."", ""discussion_points"": [""Check what changed since the note was written, and by how much"", ""Capture any new amount, counterparty, date or commitment as a CRM fact"", ""Agree explicitly who does the next thing, and by when"", ""Lead with late-payment charge dispute - do not let it surface later as a surprise""], ""current_status_detail"": ""Recorded as Open. Outstanding documents: Income proof / salary slip (Pending), Video re-KYC (Pending). This is still open."", ""customer_position"": ""This is a trust problem now, not an information problem. Rakesh wants to hear a commitment, not a process."", ""rm_next_step"": ""Open with this case, confirm one fact you do not already have, and log the answer before offering anything.""}"
SR-B-202603-004,CTB-RTL-002,Service request,Card blocked - reissue,Closed,"{""narrative"": ""This Card blocked - reissue case was settled already; it matters only as context now. The note on file reads: Customer raised card blocked - reissue."", ""discussion_points"": [""Confirm the customer still recognises the position recorded as 'Closed'"", ""Document context: Income proof / salary slip (Pending), Video re-KYC (Pending)"", ""Ask whether anything else has been raised through another channel"", ""Capture any new amount, counterparty, date or commitment as a CRM fact""], ""current_status_detail"": ""Recorded as Closed. Outstanding documents: Income proof / salary slip (Pending), Video re-KYC (Pending). Closed cases are context only."", ""customer_position"": ""No strong feeling either way from Rakesh - this is an information exchange."", ""rm_next_step"": ""Do not re-litigate the history. Confirm where it stands, then move to the single decision that is actually open.""}"
SR-B-202604-005,CTB-RTL-002,Service request,Statement request,Closed,"{""narrative"": ""This Statement request case was settled already; it matters only as context now. Verbatim from the CRM: Customer raised statement request. Set that beside Self-employed; income volatile; revolving credit-card balance; collections risk and the shape of the conversation is obvious."", ""discussion_points"": [""Agree explicitly who does the next thing, and by when"", ""Document context: Income proof / salary slip (Pending), Video re-KYC (Pending)"", ""Confirm the customer still recognises the position recorded as 'Closed'"", ""Ask whether anything else has been raised through another channel""], ""current_status_detail"": ""Recorded as Closed. Outstanding documents: Income proof / salary slip (Pending), Video re-KYC (Pending). Closed cases are context only."", ""customer_position"": ""Rakesh is neither pushing nor resisting; the conversation is the RM's to shape."", ""rm_next_step"": ""Do not re-litigate the history. Confirm where it stands, then move to the single decision that is actually open.""}"
INT-C1-001,CTB-RTL-003,RM interaction,Standing instruction setup,Positive,"{""narrative"": ""The live thread here is Standing instruction setup; the record still shows it as Positive. What was recorded at the time: Customer asked to automate the monthly card payment from the salary account. None of it stands alone - Salaried with a steady monthly credit; low utilisation; no arrears on file is the backdrop."", ""discussion_points"": [""Confirm no document is blocking the next step"", ""Lead with standing instruction setup - do not let it surface later as a surprise"", ""Confirm the customer still recognises the position recorded as 'Positive'"", ""Agree explicitly who does the next thing, and by when""], ""current_status_detail"": ""Recorded as Positive. No document is blocking this. This is still open."", ""customer_position"": ""Goodwill exists on this one - Meera came to the bank rather than the other way round."", ""rm_next_step"": ""Open with this case, confirm one fact you do not already have, and log the answer before offering anything.""}"
INT-C1-002,CTB-RTL-003,RM interaction,Nominee update,Neutral,"{""narrative"": ""The RM's own summary was: Nominee details refreshed at the branch; documents complete. The live thread here is Nominee update; the record still shows it as Neutral. It has to be read with Salaried with a steady monthly credit; low utilisation; no arrears on file in view."", ""discussion_points"": [""Confirm no document is blocking the next step"", ""Lead with nominee update - do not let it surface later as a surprise"", ""Ask whether anything else has been raised through another channel"", ""Agree explicitly who does the next thing, and by when""], ""current_status_detail"": ""Recorded as Neutral. No document is blocking this. This is still open."", ""customer_position"": ""No strong feeling either way from Meera - this is an information exchange."", ""rm_next_step"": ""Do not re-litigate the history. Confirm where it stands, then move to the single decision that is actually open.""}"
INT-C1-003,CTB-RTL-003,RM interaction,Protection gap,Neutral,"{""narrative"": ""This one is straightforward on paper: Protection gap, still Neutral. What was recorded at the time: Single-income household with no term cover; RM raised the protection conversation."", ""discussion_points"": [""Confirm the customer still recognises the position recorded as 'Neutral'"", ""Capture any new amount, counterparty, date or commitment as a CRM fact"", ""Confirm no document is blocking the next step"", ""Agree explicitly who does the next thing, and by when""], ""current_status_detail"": ""Recorded as Neutral. No document is blocking this. This is still open."", ""customer_position"": ""No strong feeling either way from Meera - this is an information exchange."", ""rm_next_step"": ""Use it as continuity - reference it by name so Meera knows the bank remembered, then ask the confirming question.""}"
INT-C1-004,CTB-RTL-003,RM interaction,Deposit rate query,Positive,"{""narrative"": ""This one is straightforward on paper: Deposit rate query, still Positive. The RM's own summary was: Customer asked what rate a 400-day deposit earns against the idle savings balance. None of it stands alone - Salaried with a steady monthly credit; low utilisation; no arrears on file is the backdrop."", ""discussion_points"": [""Confirm no document is blocking the next step"", ""Check what changed since the note was written, and by how much"", ""Ask whether anything else has been raised through another channel"", ""Confirm the customer still recognises the position recorded as 'Positive'""], ""current_status_detail"": ""Recorded as Positive. No document is blocking this. This is still open."", ""customer_position"": ""Meera is engaged. The risk is over-selling into an open door."", ""rm_next_step"": ""Do not re-litigate the history. Confirm where it stands, then move to the single decision that is actually open.""}"
INT-C1-005,CTB-RTL-003,RM interaction,Limit headroom,Neutral,"{""narrative"": ""The RM's own summary was: Utilisation running near 18%; genuine headroom exists but no borrowing need was expressed. Limit headroom is the reason this case is on the RM's desk today - current state: Neutral. Set that beside Salaried with a steady monthly credit; low utilisation; no arrears on file and the shape of the conversation is obvious."", ""discussion_points"": [""Ask whether anything else has been raised through another channel"", ""Agree explicitly who does the next thing, and by when"", ""Lead with limit headroom - do not let it surface later as a surprise"", ""Confirm the customer still recognises the position recorded as 'Neutral'""], ""current_status_detail"": ""Recorded as Neutral. No document is blocking this. This is still open."", ""customer_position"": ""No strong feeling either way from Meera - this is an information exchange."", ""rm_next_step"": ""Open with this case, confirm one fact you do not already have, and log the answer before offering anything.""}"
INT-C1-006,CTB-RTL-003,RM interaction,Relationship review,Positive,"{""narrative"": ""Meera Iyer is sitting with an unresolved Relationship review, logged as Positive. Verbatim from the CRM: Annual relationship review; conduct clean across every product."", ""discussion_points"": [""Capture any new amount, counterparty, date or commitment as a CRM fact"", ""Ask whether anything else has been raised through another channel"", ""Agree explicitly who does the next thing, and by when"", ""Lead with relationship review - do not let it surface later as a surprise""], ""current_status_detail"": ""Recorded as Positive. No document is blocking this. This is still open."", ""customer_position"": ""Meera is receptive here, which is the moment to be useful rather than salesy."", ""rm_next_step"": ""Use it as continuity - reference it by name so Meera knows the bank remembered, then ask the confirming question.""}"
INT-C2-001,CTB-RTL-004,RM interaction,Arrear clearance,Concerned,"{""narrative"": ""The live thread here is Arrear clearance; the record still shows it as Concerned. Verbatim from the CRM: Customer asked for written confirmation that the historic EMI arrear is fully cured. Set that beside Trading receipts improving after a weak year; one historic arrear being cured and the shape of the conversation is obvious."", ""discussion_points"": [""Lead with arrear clearance - do not let it surface later as a surprise"", ""Check what changed since the note was written, and by how much"", ""Ask whether anything else has been raised through another channel"", ""Capture any new amount, counterparty, date or commitment as a CRM fact""], ""current_status_detail"": ""Recorded as Concerned. Outstanding documents: Video re-KYC (Pending). This is still open."", ""customer_position"": ""The anxiety here is about affordability. Imran needs options laid out plainly."", ""rm_next_step"": ""Confirm the current position out loud, capture any new amount or date as a CRM fact, and only then discuss options.""}"
INT-C2-002,CTB-RTL-004,RM interaction,Rate review request,Neutral,"{""narrative"": ""What was recorded at the time: Twelve consecutive on-time EMIs; customer asked for the rate to be revisited. The live thread here is Rate review request; the record still shows it as Neutral. None of it stands alone - Trading receipts improving after a weak year; one historic arrear being cured is the backdrop."", ""discussion_points"": [""Ask whether anything else has been raised through another channel"", ""Document context: Video re-KYC (Pending)"", ""Check what changed since the note was written, and by how much"", ""Confirm the customer still recognises the position recorded as 'Neutral'""], ""current_status_detail"": ""Recorded as Neutral. Outstanding documents: Video re-KYC (Pending). This is still open."", ""customer_position"": ""Imran is neither pushing nor resisting; the conversation is the RM's to shape."", ""rm_next_step"": ""Ask one question, write down the answer, and raise a task only if Imran explicitly asks for it.""}"
INT-C2-003,CTB-RTL-004,RM interaction,Card limit restoration,Concerned,"{""narrative"": ""Imran Qureshi is sitting with an unresolved Card limit restoration, logged as Concerned. The RM's own summary was: Customer asked when the limit reduced during the stress period can be restored."", ""discussion_points"": [""Confirm the customer still recognises the position recorded as 'Concerned'"", ""Capture any new amount, counterparty, date or commitment as a CRM fact"", ""Agree explicitly who does the next thing, and by when"", ""Document context: Video re-KYC (Pending)""], ""current_status_detail"": ""Recorded as Concerned. Outstanding documents: Video re-KYC (Pending). This is still open."", ""customer_position"": ""Imran is cooperative but stretched - avoid anything that sounds like a new obligation."", ""rm_next_step"": ""Confirm the current position out loud, capture any new amount or date as a CRM fact, and only then discuss options.""}"
INT-C2-004,CTB-RTL-004,RM interaction,Consolidation options,Positive,"{""narrative"": ""The live thread here is Consolidation options; the record still shows it as Positive. The RM's own summary was: RM modelled moving the residual card balance into the personal loan to cut the blended rate. None of it stands alone - Trading receipts improving after a weak year; one historic arrear being cured is the backdrop."", ""discussion_points"": [""Confirm the customer still recognises the position recorded as 'Positive'"", ""Agree explicitly who does the next thing, and by when"", ""Check what changed since the note was written, and by how much"", ""Document context: Video re-KYC (Pending)""], ""current_status_detail"": ""Recorded as Positive. Outstanding documents: Video re-KYC (Pending). This is still open."", ""customer_position"": ""Imran is receptive here, which is the moment to be useful rather than salesy."", ""rm_next_step"": ""Ask one question, write down the answer, and raise a task only if Imran explicitly asks for it.""}"
INT-C2-005,CTB-RTL-004,RM interaction,Bureau score progress,Positive,"{""narrative"": ""The RM's own summary was: Bureau score has recovered into the near-prime band; RM walked through what still drags it. Imran Qureshi is sitting with an unresolved Bureau score progress, logged as Positive. None of it stands alone - Trading receipts improving after a weak year; one historic arrear being cured is the backdrop."", ""discussion_points"": [""Lead with bureau score progress - do not let it surface later as a surprise"", ""Document context: Video re-KYC (Pending)"", ""Confirm the customer still recognises the position recorded as 'Positive'"", ""Ask whether anything else has been raised through another channel""], ""current_status_detail"": ""Recorded as Positive. Outstanding documents: Video re-KYC (Pending). This is still open."", ""customer_position"": ""Imran is receptive here, which is the moment to be useful rather than salesy."", ""rm_next_step"": ""Do not re-litigate the history. Confirm where it stands, then move to the single decision that is actually open.""}"
INT-C2-006,CTB-RTL-004,RM interaction,Confidence check-in,Neutral,"{""narrative"": ""The live thread here is Confidence check-in; the record still shows it as Neutral. The note on file reads: Customer wanted reassurance that the bad year no longer defines the relationship."", ""discussion_points"": [""Ask whether anything else has been raised through another channel"", ""Capture any new amount, counterparty, date or commitment as a CRM fact"", ""Confirm the customer still recognises the position recorded as 'Neutral'"", ""Lead with confidence check-in - do not let it surface later as a surprise""], ""current_status_detail"": ""Recorded as Neutral. Outstanding documents: Video re-KYC (Pending). This is still open."", ""customer_position"": ""Imran is simply waiting on a fact. Give it, then move on."", ""rm_next_step"": ""Ask one question, write down the answer, and raise a task only if Imran explicitly asks for it.""}"
INT-C3-001,CTB-RTL-005,RM interaction,Standing instruction setup,Positive,"{""narrative"": ""Standing instruction setup is the reason this case is on the RM's desk today - current state: Positive. The note on file reads: Customer asked to automate the monthly card payment from the salary account. It has to be read with Salaried with a steady monthly credit; low utilisation; no arrears on file in view."", ""discussion_points"": [""Ask whether anything else has been raised through another channel"", ""Check what changed since the note was written, and by how much"", ""Confirm the customer still recognises the position recorded as 'Positive'"", ""Lead with standing instruction setup - do not let it surface later as a surprise""], ""current_status_detail"": ""Recorded as Positive. No document is blocking this. This is still open."", ""customer_position"": ""Anita is engaged. The risk is over-selling into an open door."", ""rm_next_step"": ""Confirm the current position out loud, capture any new amount or date as a CRM fact, and only then discuss options.""}"
INT-C3-002,CTB-RTL-005,RM interaction,Nominee update,Neutral,"{""narrative"": ""The RM's own summary was: Nominee details refreshed at the branch; documents complete. Anita Deshmukh is sitting with an unresolved Nominee update, logged as Neutral. None of it stands alone - Salaried with a steady monthly credit; low utilisation; no arrears on file is the backdrop."", ""discussion_points"": [""Agree explicitly who does the next thing, and by when"", ""Confirm no document is blocking the next step"", ""Capture any new amount, counterparty, date or commitment as a CRM fact"", ""Lead with nominee update - do not let it surface later as a surprise""], ""current_status_detail"": ""Recorded as Neutral. No document is blocking this. This is still open."", ""customer_position"": ""Anita is neither pushing nor resisting; the conversation is the RM's to shape."", ""rm_next_step"": ""Do not re-litigate the history. Confirm where it stands, then move to the single decision that is actually open.""}"
INT-C3-003,CTB-RTL-005,RM interaction,Protection gap,Neutral,"{""narrative"": ""Anita Deshmukh is sitting with an unresolved Protection gap, logged as Neutral. The note on file reads: Single-income household with no term cover; RM raised the protection conversation."", ""discussion_points"": [""Agree explicitly who does the next thing, and by when"", ""Confirm no document is blocking the next step"", ""Lead with protection gap - do not let it surface later as a surprise"", ""Confirm the customer still recognises the position recorded as 'Neutral'""], ""current_status_detail"": ""Recorded as Neutral. No document is blocking this. This is still open."", ""customer_position"": ""No strong feeling either way from Anita - this is an information exchange."", ""rm_next_step"": ""Open with this case, confirm one fact you do not already have, and log the answer before offering anything.""}"
INT-C3-004,CTB-RTL-005,RM interaction,Deposit rate query,Positive,"{""narrative"": ""This one is straightforward on paper: Deposit rate query, still Positive. Verbatim from the CRM: Customer asked what rate a 400-day deposit earns against the idle savings balance. It has to be read with Salaried with a steady monthly credit; low utilisation; no arrears on file in view."", ""discussion_points"": [""Check what changed since the note was written, and by how much"", ""Capture any new amount, counterparty, date or commitment as a CRM fact"", ""Confirm no document is blocking the next step"", ""Agree explicitly who does the next thing, and by when""], ""current_status_detail"": ""Recorded as Positive. No document is blocking this. This is still open."", ""customer_position"": ""Anita is receptive here, which is the moment to be useful rather than salesy."", ""rm_next_step"": ""Ask one question, write down the answer, and raise a task only if Anita explicitly asks for it.""}"
INT-C3-005,CTB-RTL-005,RM interaction,Limit headroom,Neutral,"{""narrative"": ""The note on file reads: Utilisation running near 18%; genuine headroom exists but no borrowing need was expressed. What Anita Deshmukh actually raised was Limit headroom, and nothing has moved it off Neutral. Read against Salaried with a steady monthly credit; low utilisation; no arrears on file, that changes the priority."", ""discussion_points"": [""Agree explicitly who does the next thing, and by when"", ""Capture any new amount, counterparty, date or commitment as a CRM fact"", ""Confirm the customer still recognises the position recorded as 'Neutral'"", ""Ask whether anything else has been raised through another channel""], ""current_status_detail"": ""Recorded as Neutral. No document is blocking this. This is still open."", ""customer_position"": ""Anita is simply waiting on a fact. Give it, then move on."", ""rm_next_step"": ""Confirm the current position out loud, capture any new amount or date as a CRM fact, and only then discuss options.""}"
INT-C3-006,CTB-RTL-005,RM interaction,Relationship review,Positive,"{""narrative"": ""Anita Deshmukh is sitting with an unresolved Relationship review, logged as Positive. What was recorded at the time: Annual relationship review; conduct clean across every product."", ""discussion_points"": [""Agree explicitly who does the next thing, and by when"", ""Ask whether anything else has been raised through another channel"", ""Capture any new amount, counterparty, date or commitment as a CRM fact"", ""Lead with relationship review - do not let it surface later as a surprise""], ""current_status_detail"": ""Recorded as Positive. No document is blocking this. This is still open."", ""customer_position"": ""Anita is engaged. The risk is over-selling into an open door."", ""rm_next_step"": ""Do not re-litigate the history. Confirm where it stands, then move to the single decision that is actually open.""}"
OPP-C1-001,CTB-RTL-003,Opportunity,Term Protection Cover,Qualified,"{""narrative"": ""Term Protection Cover has been carried across more than one contact and remains Qualified. Verbatim from the CRM: Stage Qualified; status Open. Single-income household with no term cover. None of it stands alone - Salaried with a steady monthly credit; low utilisation; no arrears on file is the backdrop."", ""discussion_points"": [""Confirm no document is blocking the next step"", ""Check what changed since the note was written, and by how much"", ""Capture any new amount, counterparty, date or commitment as a CRM fact"", ""Lead with term protection cover - do not let it surface later as a surprise""], ""current_status_detail"": ""Recorded as Qualified. No document is blocking this. This is still open."", ""customer_position"": ""Meera is simply waiting on a fact. Give it, then move on."", ""rm_next_step"": ""Confirm the current position out loud, capture any new amount or date as a CRM fact, and only then discuss options.""}"
OPP-C1-002,CTB-RTL-003,Opportunity,Deposit Ladder,Qualified,"{""narrative"": ""The RM's own summary was: Stage Qualified; status Open. Surplus balance idle in savings. Deposit Ladder is the reason this case is on the RM's desk today - current state: Qualified. Read against Salaried with a steady monthly credit; low utilisation; no arrears on file, that changes the priority."", ""discussion_points"": [""Check what changed since the note was written, and by how much"", ""Confirm the customer still recognises the position recorded as 'Qualified'"", ""Agree explicitly who does the next thing, and by when"", ""Lead with deposit ladder - do not let it surface later as a surprise""], ""current_status_detail"": ""Recorded as Qualified. No document is blocking this. This is still open."", ""customer_position"": ""No strong feeling either way from Meera - this is an information exchange."", ""rm_next_step"": ""Open with this case, confirm one fact you do not already have, and log the answer before offering anything.""}"
OPP-C1-003,CTB-RTL-003,Opportunity,Credit Limit Increase,Qualified,"{""narrative"": ""What Meera Iyer actually raised was Credit Limit Increase, and nothing has moved it off Qualified. The RM's own summary was: Stage Qualified; status Open. Low utilisation, clean conduct, income growing."", ""discussion_points"": [""Check what changed since the note was written, and by how much"", ""Capture any new amount, counterparty, date or commitment as a CRM fact"", ""Agree explicitly who does the next thing, and by when"", ""Confirm no document is blocking the next step""], ""current_status_detail"": ""Recorded as Qualified. No document is blocking this. This is still open."", ""customer_position"": ""Meera is neither pushing nor resisting; the conversation is the RM's to shape."", ""rm_next_step"": ""Confirm the current position out loud, capture any new amount or date as a CRM fact, and only then discuss options.""}"
OPP-C1-004,CTB-RTL-003,Opportunity,Personal Loan Top-up,Not eligible,"{""narrative"": ""Nothing to action on Personal Loan Top-up - it closed cleanly. Verbatim from the CRM: Stage Not eligible; status Blocked. No borrowing need evidenced. It has to be read with Salaried with a steady monthly credit; low utilisation; no arrears on file in view."", ""discussion_points"": [""Agree explicitly who does the next thing, and by when"", ""Confirm the customer still recognises the position recorded as 'Not eligible'"", ""Capture any new amount, counterparty, date or commitment as a CRM fact"", ""Confirm no document is blocking the next step""], ""current_status_detail"": ""Recorded as Not eligible. No document is blocking this. Closed cases are context only."", ""customer_position"": ""Meera is neither pushing nor resisting; the conversation is the RM's to shape."", ""rm_next_step"": ""Do not re-litigate the history. Confirm where it stands, then move to the single decision that is actually open.""}"
OPP-C2-001,CTB-RTL-004,Opportunity,Interest Rate Review,Qualified,"{""narrative"": ""Verbatim from the CRM: Stage Qualified; status Open. 12 consecutive on-time EMIs after the cured arrear. What Imran Qureshi actually raised was Interest Rate Review, and nothing has moved it off Qualified. Set that beside Trading receipts improving after a weak year; one historic arrear being cured and the shape of the conversation is obvious."", ""discussion_points"": [""Confirm the customer still recognises the position recorded as 'Qualified'"", ""Check what changed since the note was written, and by how much"", ""Ask whether anything else has been raised through another channel"", ""Agree explicitly who does the next thing, and by when""], ""current_status_detail"": ""Recorded as Qualified. Outstanding documents: Video re-KYC (Pending). This is still open."", ""customer_position"": ""No strong feeling either way from Imran - this is an information exchange."", ""rm_next_step"": ""Ask one question, write down the answer, and raise a task only if Imran explicitly asks for it.""}"
OPP-C2-002,CTB-RTL-004,Opportunity,Card EMI Conversion / Balance Transfer,Qualified,"{""narrative"": ""The live thread here is Card EMI Conversion / Balance Transfer; the record still shows it as Qualified. The RM's own summary was: Stage Qualified; status Open. Cuts 42% APR on the residual balance."", ""discussion_points"": [""Check what changed since the note was written, and by how much"", ""Lead with card emi conversion / balance transfer - do not let it surface later as a surprise"", ""Ask whether anything else has been raised through another channel"", ""Document context: Video re-KYC (Pending)""], ""current_status_detail"": ""Recorded as Qualified. Outstanding documents: Video re-KYC (Pending). This is still open."", ""customer_position"": ""No strong feeling either way from Imran - this is an information exchange."", ""rm_next_step"": ""Confirm the current position out loud, capture any new amount or date as a CRM fact, and only then discuss options.""}"
OPP-C2-003,CTB-RTL-004,Opportunity,Credit Limit Restoration,Hold,"{""narrative"": ""Credit Limit Restoration has been carried across more than one contact and remains Hold. The RM's own summary was: Stage Hold; status Blocked. Needs a fresh assessment; arrear cured only recently. Read against Trading receipts improving after a weak year; one historic arrear being cured, that changes the priority."", ""discussion_points"": [""Check what changed since the note was written, and by how much"", ""Lead with credit limit restoration - do not let it surface later as a surprise"", ""Confirm the customer still recognises the position recorded as 'Hold'"", ""Capture any new amount, counterparty, date or commitment as a CRM fact""], ""current_status_detail"": ""Recorded as Hold. Outstanding documents: Video re-KYC (Pending). This is still open."", ""customer_position"": ""Imran is neither pushing nor resisting; the conversation is the RM's to shape."", ""rm_next_step"": ""Open with this case, confirm one fact you do not already have, and log the answer before offering anything.""}"
OPP-C2-004,CTB-RTL-004,Opportunity,New Top-up Loan,Not eligible,"{""narrative"": ""The RM's own summary was: Stage Not eligible; status Blocked. Too soon after the arrear; consolidate first. New Top-up Loan is closed, and it is useful history rather than an open task. None of it stands alone - Trading receipts improving after a weak year; one historic arrear being cured is the backdrop."", ""discussion_points"": [""Agree explicitly who does the next thing, and by when"", ""Confirm the customer still recognises the position recorded as 'Not eligible'"", ""Check what changed since the note was written, and by how much"", ""Capture any new amount, counterparty, date or commitment as a CRM fact""], ""current_status_detail"": ""Recorded as Not eligible. Outstanding documents: Video re-KYC (Pending). Closed cases are context only."", ""customer_position"": ""Imran is neither pushing nor resisting; the conversation is the RM's to shape."", ""rm_next_step"": ""Do not re-litigate the history. Confirm where it stands, then move to the single decision that is actually open.""}"
OPP-C3-001,CTB-RTL-005,Opportunity,Term Protection Cover,Qualified,"{""narrative"": ""The live thread here is Term Protection Cover; the record still shows it as Qualified. The RM's own summary was: Stage Qualified; status Open. Single-income household with no term cover."", ""discussion_points"": [""Ask whether anything else has been raised through another channel"", ""Lead with term protection cover - do not let it surface later as a surprise"", ""Agree explicitly who does the next thing, and by when"", ""Confirm no document is blocking the next step""], ""current_status_detail"": ""Recorded as Qualified. No document is blocking this. This is still open."", ""customer_position"": ""Anita is simply waiting on a fact. Give it, then move on."", ""rm_next_step"": ""Open with this case, confirm one fact you do not already have, and log the answer before offering anything.""}"
OPP-C3-002,CTB-RTL-005,Opportunity,Deposit Ladder,Qualified,"{""narrative"": ""What Anita Deshmukh actually raised was Deposit Ladder, and nothing has moved it off Qualified. What was recorded at the time: Stage Qualified; status Open. Surplus balance idle in savings. Set that beside Salaried with a steady monthly credit; low utilisation; no arrears on file and the shape of the conversation is obvious."", ""discussion_points"": [""Confirm the customer still recognises the position recorded as 'Qualified'"", ""Lead with deposit ladder - do not let it surface later as a surprise"", ""Capture any new amount, counterparty, date or commitment as a CRM fact"", ""Confirm no document is blocking the next step""], ""current_status_detail"": ""Recorded as Qualified. No document is blocking this. This is still open."", ""customer_position"": ""No strong feeling either way from Anita - this is an information exchange."", ""rm_next_step"": ""Ask one question, write down the answer, and raise a task only if Anita explicitly asks for it.""}"
OPP-C3-003,CTB-RTL-005,Opportunity,Credit Limit Increase,Qualified,"{""narrative"": ""The RM's own summary was: Stage Qualified; status Open. Low utilisation, clean conduct, income growing. Anita Deshmukh is sitting with an unresolved Credit Limit Increase, logged as Qualified. None of it stands alone - Salaried with a steady monthly credit; low utilisation; no arrears on file is the backdrop."", ""discussion_points"": [""Confirm no document is blocking the next step"", ""Lead with credit limit increase - do not let it surface later as a surprise"", ""Check what changed since the note was written, and by how much"", ""Ask whether anything else has been raised through another channel""], ""current_status_detail"": ""Recorded as Qualified. No document is blocking this. This is still open."", ""customer_position"": ""No strong feeling either way from Anita - this is an information exchange."", ""rm_next_step"": ""Confirm the current position out loud, capture any new amount or date as a CRM fact, and only then discuss options.""}"
OPP-C3-004,CTB-RTL-005,Opportunity,Personal Loan Top-up,Not eligible,"{""narrative"": ""This Personal Loan Top-up case was settled already; it matters only as context now. What was recorded at the time: Stage Not eligible; status Blocked. No borrowing need evidenced."", ""discussion_points"": [""Check what changed since the note was written, and by how much"", ""Ask whether anything else has been raised through another channel"", ""Confirm the customer still recognises the position recorded as 'Not eligible'"", ""Lead with personal loan top-up - do not let it surface later as a surprise""], ""current_status_detail"": ""Recorded as Not eligible. No document is blocking this. Closed cases are context only."", ""customer_position"": ""Anita is neither pushing nor resisting; the conversation is the RM's to shape."", ""rm_next_step"": ""Do not re-litigate the history. Confirm where it stands, then move to the single decision that is actually open.""}"
TASK-C1-001,CTB-RTL-003,CRM task,Book the protection review conversation,Open,"{""narrative"": ""Book the protection review conversation has been carried across more than one contact and remains Open. The note on file reads: Due 2026-04-09, priority Medium. Read against Salaried with a steady monthly credit; low utilisation; no arrears on file, that changes the priority."", ""discussion_points"": [""Ask whether anything else has been raised through another channel"", ""Check what changed since the note was written, and by how much"", ""Confirm the customer still recognises the position recorded as 'Open'"", ""Lead with book the protection review conversation - do not let it surface later as a surprise""], ""current_status_detail"": ""Recorded as Open. No document is blocking this. This is still open."", ""customer_position"": ""Expect frustration. Meera has been let down once already and will be listening for whether the bank owns it."", ""rm_next_step"": ""Open with this case, confirm one fact you do not already have, and log the answer before offering anything.""}"
TASK-C1-002,CTB-RTL-003,CRM task,Model the surplus-balance deposit ladder,Open,"{""narrative"": ""Verbatim from the CRM: Due 2026-04-10, priority Medium. Model the surplus-balance deposit ladder is the reason this case is on the RM's desk today - current state: Open. Set that beside Salaried with a steady monthly credit; low utilisation; no arrears on file and the shape of the conversation is obvious."", ""discussion_points"": [""Ask whether anything else has been raised through another channel"", ""Confirm the customer still recognises the position recorded as 'Open'"", ""Lead with model the surplus-balance deposit ladder - do not let it surface later as a surprise"", ""Check what changed since the note was written, and by how much""], ""current_status_detail"": ""Recorded as Open. No document is blocking this. This is still open."", ""customer_position"": ""Meera is angry rather than confused - the facts are not in dispute, the resolution is."", ""rm_next_step"": ""Open with this case, confirm one fact you do not already have, and log the answer before offering anything.""}"
TASK-C1-003,CTB-RTL-003,CRM task,Confirm the nominee update landed in CBS,Open,"{""narrative"": ""Confirm the nominee update landed in CBS is the reason this case is on the RM's desk today - current state: Open. The RM's own summary was: Due 2026-04-11, priority Low."", ""discussion_points"": [""Agree explicitly who does the next thing, and by when"", ""Confirm the customer still recognises the position recorded as 'Open'"", ""Ask whether anything else has been raised through another channel"", ""Confirm no document is blocking the next step""], ""current_status_detail"": ""Recorded as Open. No document is blocking this. This is still open."", ""customer_position"": ""Meera is angry rather than confused - the facts are not in dispute, the resolution is."", ""rm_next_step"": ""Do not re-litigate the history. Confirm where it stands, then move to the single decision that is actually open.""}"
TASK-C1-004,CTB-RTL-003,CRM task,Share the 400-day deposit rate card,Open,"{""narrative"": ""Share the 400-day deposit rate card has been carried across more than one contact and remains Open. The note on file reads: Due 2026-04-14, priority Low. Set that beside Salaried with a steady monthly credit; low utilisation; no arrears on file and the shape of the conversation is obvious."", ""discussion_points"": [""Ask whether anything else has been raised through another channel"", ""Lead with share the 400-day deposit rate card - do not let it surface later as a surprise"", ""Check what changed since the note was written, and by how much"", ""Agree explicitly who does the next thing, and by when""], ""current_status_detail"": ""Recorded as Open. No document is blocking this. This is still open."", ""customer_position"": ""Meera is angry rather than confused - the facts are not in dispute, the resolution is."", ""rm_next_step"": ""Open with this case, confirm one fact you do not already have, and log the answer before offering anything.""}"
TASK-C2-001,CTB-RTL-004,CRM task,Issue the arrear-cured confirmation letter,Open,"{""narrative"": ""What was recorded at the time: Due 2026-04-09, priority High. Issue the arrear-cured confirmation letter has been carried across more than one contact and remains Open. Set that beside Trading receipts improving after a weak year; one historic arrear being cured and the shape of the conversation is obvious."", ""discussion_points"": [""Agree explicitly who does the next thing, and by when"", ""Confirm the customer still recognises the position recorded as 'Open'"", ""Ask whether anything else has been raised through another channel"", ""Check what changed since the note was written, and by how much""], ""current_status_detail"": ""Recorded as Open. Outstanding documents: Video re-KYC (Pending). This is still open."", ""customer_position"": ""Imran is angry rather than confused - the facts are not in dispute, the resolution is."", ""rm_next_step"": ""Confirm the current position out loud, capture any new amount or date as a CRM fact, and only then discuss options.""}"
TASK-C2-002,CTB-RTL-004,CRM task,Prepare the rate-review submission,Open,"{""narrative"": ""Prepare the rate-review submission is the reason this case is on the RM's desk today - current state: Open. What was recorded at the time: Due 2026-04-10, priority Medium."", ""discussion_points"": [""Capture any new amount, counterparty, date or commitment as a CRM fact"", ""Ask whether anything else has been raised through another channel"", ""Document context: Video re-KYC (Pending)"", ""Agree explicitly who does the next thing, and by when""], ""current_status_detail"": ""Recorded as Open. Outstanding documents: Video re-KYC (Pending). This is still open."", ""customer_position"": ""This is a trust problem now, not an information problem. Imran wants to hear a commitment, not a process."", ""rm_next_step"": ""Ask one question, write down the answer, and raise a task only if Imran explicitly asks for it.""}"
TASK-C2-003,CTB-RTL-004,CRM task,Model card-to-loan consolidation savings,Open,"{""narrative"": ""Model card-to-loan consolidation savings is the reason this case is on the RM's desk today - current state: Open. The note on file reads: Due 2026-04-11, priority Medium. It has to be read with Trading receipts improving after a weak year; one historic arrear being cured in view."", ""discussion_points"": [""Agree explicitly who does the next thing, and by when"", ""Confirm the customer still recognises the position recorded as 'Open'"", ""Lead with model card-to-loan consolidation savings - do not let it surface later as a surprise"", ""Document context: Video re-KYC (Pending)""], ""current_status_detail"": ""Recorded as Open. Outstanding documents: Video re-KYC (Pending). This is still open."", ""customer_position"": ""This is a trust problem now, not an information problem. Imran wants to hear a commitment, not a process."", ""rm_next_step"": ""Do not re-litigate the history. Confirm where it stands, then move to the single decision that is actually open.""}"
TASK-C2-004,CTB-RTL-004,CRM task,Review card limit restoration eligibility,Open,"{""narrative"": ""Verbatim from the CRM: Due 2026-04-14, priority Medium. Imran Qureshi is sitting with an unresolved Review card limit restoration eligibility, logged as Open. Set that beside Trading receipts improving after a weak year; one historic arrear being cured and the shape of the conversation is obvious."", ""discussion_points"": [""Check what changed since the note was written, and by how much"", ""Ask whether anything else has been raised through another channel"", ""Confirm the customer still recognises the position recorded as 'Open'"", ""Capture any new amount, counterparty, date or commitment as a CRM fact""], ""current_status_detail"": ""Recorded as Open. Outstanding documents: Video re-KYC (Pending). This is still open."", ""customer_position"": ""This is a trust problem now, not an information problem. Imran wants to hear a commitment, not a process."", ""rm_next_step"": ""Open with this case, confirm one fact you do not already have, and log the answer before offering anything.""}"
TASK-C3-001,CTB-RTL-005,CRM task,Book the protection review conversation,Open,"{""narrative"": ""The live thread here is Book the protection review conversation; the record still shows it as Open. The RM's own summary was: Due 2026-04-09, priority Medium."", ""discussion_points"": [""Ask whether anything else has been raised through another channel"", ""Confirm the customer still recognises the position recorded as 'Open'"", ""Agree explicitly who does the next thing, and by when"", ""Confirm no document is blocking the next step""], ""current_status_detail"": ""Recorded as Open. No document is blocking this. This is still open."", ""customer_position"": ""This is a trust problem now, not an information problem. Anita wants to hear a commitment, not a process."", ""rm_next_step"": ""Use it as continuity - reference it by name so Anita knows the bank remembered, then ask the confirming question.""}"
TASK-C3-002,CTB-RTL-005,CRM task,Model the surplus-balance deposit ladder,Open,"{""narrative"": ""Model the surplus-balance deposit ladder is the reason this case is on the RM's desk today - current state: Open. What was recorded at the time: Due 2026-04-10, priority Medium. Set that beside Salaried with a steady monthly credit; low utilisation; no arrears on file and the shape of the conversation is obvious."", ""discussion_points"": [""Confirm no document is blocking the next step"", ""Agree explicitly who does the next thing, and by when"", ""Ask whether anything else has been raised through another channel"", ""Confirm the customer still recognises the position recorded as 'Open'""], ""current_status_detail"": ""Recorded as Open. No document is blocking this. This is still open."", ""customer_position"": ""Expect frustration. Anita has been let down once already and will be listening for whether the bank owns it."", ""rm_next_step"": ""Open with this case, confirm one fact you do not already have, and log the answer before offering anything.""}"
TASK-C3-003,CTB-RTL-005,CRM task,Confirm the nominee update landed in CBS,Open,"{""narrative"": ""Verbatim from the CRM: Due 2026-04-11, priority Low. Confirm the nominee update landed in CBS is the reason this case is on the RM's desk today - current state: Open. Set that beside Salaried with a steady monthly credit; low utilisation; no arrears on file and the shape of the conversation is obvious."", ""discussion_points"": [""Ask whether anything else has been raised through another channel"", ""Capture any new amount, counterparty, date or commitment as a CRM fact"", ""Agree explicitly who does the next thing, and by when"", ""Confirm no document is blocking the next step""], ""current_status_detail"": ""Recorded as Open. No document is blocking this. This is still open."", ""customer_position"": ""Anita is angry rather than confused - the facts are not in dispute, the resolution is."", ""rm_next_step"": ""Open with this case, confirm one fact you do not already have, and log the answer before offering anything.""}"
TASK-C3-004,CTB-RTL-005,CRM task,Share the 400-day deposit rate card,Open,"{""narrative"": ""Share the 400-day deposit rate card has been carried across more than one contact and remains Open. The note on file reads: Due 2026-04-14, priority Low."", ""discussion_points"": [""Confirm the customer still recognises the position recorded as 'Open'"", ""Ask whether anything else has been raised through another channel"", ""Check what changed since the note was written, and by how much"", ""Capture any new amount, counterparty, date or commitment as a CRM fact""], ""current_status_detail"": ""Recorded as Open. No document is blocking this. This is still open."", ""customer_position"": ""This is a trust problem now, not an information problem. Anita wants to hear a commitment, not a process."", ""rm_next_step"": ""Use it as continuity - reference it by name so Anita knows the bank remembered, then ask the confirming question.""}"
SR-C1-202602-001,CTB-RTL-003,Service request,Standing instruction setup,Closed,"{""narrative"": ""This Standing instruction setup case was settled already; it matters only as context now. The note on file reads: Customer asked to automate the card payment from the savings account. None of it stands alone - Salaried with a steady monthly credit; low utilisation; no arrears on file is the backdrop."", ""discussion_points"": [""Confirm no document is blocking the next step"", ""Lead with standing instruction setup - do not let it surface later as a surprise"", ""Ask whether anything else has been raised through another channel"", ""Capture any new amount, counterparty, date or commitment as a CRM fact""], ""current_status_detail"": ""Recorded as Closed. No document is blocking this. Closed cases are context only."", ""customer_position"": ""No strong feeling either way from Meera - this is an information exchange."", ""rm_next_step"": ""Open with this case, confirm one fact you do not already have, and log the answer before offering anything.""}"
SR-C1-202602-002,CTB-RTL-003,Service request,Nominee update,Closed,"{""narrative"": ""The note on file reads: Customer updated the nominee on the savings account. Nothing to action on Nominee update - it closed cleanly. Read against Salaried with a steady monthly credit; low utilisation; no arrears on file, that changes the priority."", ""discussion_points"": [""Lead with nominee update - do not let it surface later as a surprise"", ""Confirm no document is blocking the next step"", ""Agree explicitly who does the next thing, and by when"", ""Confirm the customer still recognises the position recorded as 'Closed'""], ""current_status_detail"": ""Recorded as Closed. No document is blocking this. Closed cases are context only."", ""customer_position"": ""Meera is simply waiting on a fact. Give it, then move on."", ""rm_next_step"": ""Do not re-litigate the history. Confirm where it stands, then move to the single decision that is actually open.""}"
SR-C1-202603-003,CTB-RTL-003,Service request,Term deposit rate query,Open,"{""narrative"": ""This one is straightforward on paper: Term deposit rate query, still Open. What was recorded at the time: Customer asked what rate applies to a 400-day deposit."", ""discussion_points"": [""Confirm no document is blocking the next step"", ""Agree explicitly who does the next thing, and by when"", ""Lead with term deposit rate query - do not let it surface later as a surprise"", ""Check what changed since the note was written, and by how much""], ""current_status_detail"": ""Recorded as Open. No document is blocking this. This is still open."", ""customer_position"": ""Meera is angry rather than confused - the facts are not in dispute, the resolution is."", ""rm_next_step"": ""Ask one question, write down the answer, and raise a task only if Meera explicitly asks for it.""}"
SR-C1-202601-004,CTB-RTL-003,Service request,Statement request,Closed,"{""narrative"": ""Statement request is closed, and it is useful history rather than an open task. The note on file reads: Customer raised statement request. It has to be read with Salaried with a steady monthly credit; low utilisation; no arrears on file in view."", ""discussion_points"": [""Confirm the customer still recognises the position recorded as 'Closed'"", ""Ask whether anything else has been raised through another channel"", ""Capture any new amount, counterparty, date or commitment as a CRM fact"", ""Confirm no document is blocking the next step""], ""current_status_detail"": ""Recorded as Closed. No document is blocking this. Closed cases are context only."", ""customer_position"": ""Meera is simply waiting on a fact. Give it, then move on."", ""rm_next_step"": ""Confirm the current position out loud, capture any new amount or date as a CRM fact, and only then discuss options.""}"
SR-C1-202603-005,CTB-RTL-003,Service request,Insurance renewal reminder,Open,"{""narrative"": ""Verbatim from the CRM: Customer asked when the protection policy renews. What Meera Iyer actually raised was Insurance renewal reminder, and nothing has moved it off Open. None of it stands alone - Salaried with a steady monthly credit; low utilisation; no arrears on file is the backdrop."", ""discussion_points"": [""Lead with insurance renewal reminder - do not let it surface later as a surprise"", ""Confirm the customer still recognises the position recorded as 'Open'"", ""Ask whether anything else has been raised through another channel"", ""Check what changed since the note was written, and by how much""], ""current_status_detail"": ""Recorded as Open. No document is blocking this. This is still open."", ""customer_position"": ""This is a trust problem now, not an information problem. Meera wants to hear a commitment, not a process."", ""rm_next_step"": ""Ask one question, write down the answer, and raise a task only if Meera explicitly asks for it.""}"
SR-C2-202601-001,CTB-RTL-004,Service request,Arrear clearance confirmation,Closed,"{""narrative"": ""Nothing to action on Arrear clearance confirmation - it closed cleanly. The RM's own summary was: Customer asked for written confirmation that the historic arrear is cured."", ""discussion_points"": [""Confirm the customer still recognises the position recorded as 'Closed'"", ""Capture any new amount, counterparty, date or commitment as a CRM fact"", ""Ask whether anything else has been raised through another channel"", ""Document context: Video re-KYC (Pending)""], ""current_status_detail"": ""Recorded as Closed. Outstanding documents: Video re-KYC (Pending). Closed cases are context only."", ""customer_position"": ""Imran is neither pushing nor resisting; the conversation is the RM's to shape."", ""rm_next_step"": ""Open with this case, confirm one fact you do not already have, and log the answer before offering anything.""}"
SR-C2-202602-002,CTB-RTL-004,Service request,Interest rate review request,Open,"{""narrative"": ""Interest rate review request is the reason this case is on the RM's desk today - current state: Open. The RM's own summary was: Customer requested a rate review now that repayments are regular. It has to be read with Trading receipts improving after a weak year; one historic arrear being cured in view."", ""discussion_points"": [""Agree explicitly who does the next thing, and by when"", ""Confirm the customer still recognises the position recorded as 'Open'"", ""Check what changed since the note was written, and by how much"", ""Lead with interest rate review request - do not let it surface later as a surprise""], ""current_status_detail"": ""Recorded as Open. Outstanding documents: Video re-KYC (Pending). This is still open."", ""customer_position"": ""Imran is angry rather than confused - the facts are not in dispute, the resolution is."", ""rm_next_step"": ""Ask one question, write down the answer, and raise a task only if Imran explicitly asks for it.""}"
SR-C2-202602-003,CTB-RTL-004,Service request,Card limit restoration query,Open,"{""narrative"": ""What was recorded at the time: Customer asked when the reduced card limit can be restored. Card limit restoration query has been carried across more than one contact and remains Open. Read against Trading receipts improving after a weak year; one historic arrear being cured, that changes the priority."", ""discussion_points"": [""Lead with card limit restoration query - do not let it surface later as a surprise"", ""Ask whether anything else has been raised through another channel"", ""Capture any new amount, counterparty, date or commitment as a CRM fact"", ""Check what changed since the note was written, and by how much""], ""current_status_detail"": ""Recorded as Open. Outstanding documents: Video re-KYC (Pending). This is still open."", ""customer_position"": ""This is a trust problem now, not an information problem. Imran wants to hear a commitment, not a process."", ""rm_next_step"": ""Open with this case, confirm one fact you do not already have, and log the answer before offering anything.""}"
SR-C2-202601-004,CTB-RTL-004,Service request,Statement request,Closed,"{""narrative"": ""Statement request is closed, and it is useful history rather than an open task. The note on file reads: Customer raised statement request."", ""discussion_points"": [""Capture any new amount, counterparty, date or commitment as a CRM fact"", ""Lead with statement request - do not let it surface later as a surprise"", ""Confirm the customer still recognises the position recorded as 'Closed'"", ""Ask whether anything else has been raised through another channel""], ""current_status_detail"": ""Recorded as Closed. Outstanding documents: Video re-KYC (Pending). Closed cases are context only."", ""customer_position"": ""Imran is neither pushing nor resisting; the conversation is the RM's to shape."", ""rm_next_step"": ""Confirm the current position out loud, capture any new amount or date as a CRM fact, and only then discuss options.""}"
SR-C2-202603-005,CTB-RTL-004,Service request,Consolidation options,Open,"{""narrative"": ""This one is straightforward on paper: Consolidation options, still Open. Verbatim from the CRM: Customer asked whether the card balance can move into the personal loan. Read against Trading receipts improving after a weak year; one historic arrear being cured, that changes the priority."", ""discussion_points"": [""Capture any new amount, counterparty, date or commitment as a CRM fact"", ""Agree explicitly who does the next thing, and by when"", ""Ask whether anything else has been raised through another channel"", ""Document context: Video re-KYC (Pending)""], ""current_status_detail"": ""Recorded as Open. Outstanding documents: Video re-KYC (Pending). This is still open."", ""customer_position"": ""This is a trust problem now, not an information problem. Imran wants to hear a commitment, not a process."", ""rm_next_step"": ""Use it as continuity - reference it by name so Imran knows the bank remembered, then ask the confirming question.""}"
SR-C3-202602-001,CTB-RTL-005,Service request,Standing instruction setup,Closed,"{""narrative"": ""The note on file reads: Customer asked to automate the card payment from the savings account. This Standing instruction setup case was settled already; it matters only as context now. Read against Salaried with a steady monthly credit; low utilisation; no arrears on file, that changes the priority."", ""discussion_points"": [""Confirm no document is blocking the next step"", ""Agree explicitly who does the next thing, and by when"", ""Capture any new amount, counterparty, date or commitment as a CRM fact"", ""Ask whether anything else has been raised through another channel""], ""current_status_detail"": ""Recorded as Closed. No document is blocking this. Closed cases are context only."", ""customer_position"": ""No strong feeling either way from Anita - this is an information exchange."", ""rm_next_step"": ""Do not re-litigate the history. Confirm where it stands, then move to the single decision that is actually open.""}"
SR-C3-202602-002,CTB-RTL-005,Service request,Nominee update,Closed,"{""narrative"": ""Nothing to action on Nominee update - it closed cleanly. The note on file reads: Customer updated the nominee on the savings account."", ""discussion_points"": [""Agree explicitly who does the next thing, and by when"", ""Capture any new amount, counterparty, date or commitment as a CRM fact"", ""Confirm no document is blocking the next step"", ""Lead with nominee update - do not let it surface later as a surprise""], ""current_status_detail"": ""Recorded as Closed. No document is blocking this. Closed cases are context only."", ""customer_position"": ""Anita is neither pushing nor resisting; the conversation is the RM's to shape."", ""rm_next_step"": ""Open with this case, confirm one fact you do not already have, and log the answer before offering anything.""}"
SR-C3-202603-003,CTB-RTL-005,Service request,Term deposit rate query,Open,"{""narrative"": ""Anita Deshmukh is sitting with an unresolved Term deposit rate query, logged as Open. The note on file reads: Customer asked what rate applies to a 400-day deposit. It has to be read with Salaried with a steady monthly credit; low utilisation; no arrears on file in view."", ""discussion_points"": [""Capture any new amount, counterparty, date or commitment as a CRM fact"", ""Check what changed since the note was written, and by how much"", ""Confirm the customer still recognises the position recorded as 'Open'"", ""Ask whether anything else has been raised through another channel""], ""current_status_detail"": ""Recorded as Open. No document is blocking this. This is still open."", ""customer_position"": ""Anita is angry rather than confused - the facts are not in dispute, the resolution is."", ""rm_next_step"": ""Open with this case, confirm one fact you do not already have, and log the answer before offering anything.""}"
SR-C3-202601-004,CTB-RTL-005,Service request,Statement request,Closed,"{""narrative"": ""The RM's own summary was: Customer raised statement request. This Statement request case was settled already; it matters only as context now. Set that beside Salaried with a steady monthly credit; low utilisation; no arrears on file and the shape of the conversation is obvious."", ""discussion_points"": [""Check what changed since the note was written, and by how much"", ""Confirm no document is blocking the next step"", ""Lead with statement request - do not let it surface later as a surprise"", ""Capture any new amount, counterparty, date or commitment as a CRM fact""], ""current_status_detail"": ""Recorded as Closed. No document is blocking this. Closed cases are context only."", ""customer_position"": ""Anita is neither pushing nor resisting; the conversation is the RM's to shape."", ""rm_next_step"": ""Open with this case, confirm one fact you do not already have, and log the answer before offering anything.""}"
SR-C3-202603-005,CTB-RTL-005,Service request,Insurance renewal reminder,Open,"{""narrative"": ""Anita Deshmukh is sitting with an unresolved Insurance renewal reminder, logged as Open. The note on file reads: Customer asked when the protection policy renews."", ""discussion_points"": [""Ask whether anything else has been raised through another channel"", ""Check what changed since the note was written, and by how much"", ""Confirm no document is blocking the next step"", ""Agree explicitly who does the next thing, and by when""], ""current_status_detail"": ""Recorded as Open. No document is blocking this. This is still open."", ""customer_position"": ""Anita is angry rather than confused - the facts are not in dispute, the resolution is."", ""rm_next_step"": ""Confirm the current position out loud, capture any new amount or date as a CRM fact, and only then discuss options.""}"
